0,-0.09
1,-0.08
2,-0.08
3,-0.09
4,-0.08
5,-0.09
6,-0.08
7,-0.09
8,-0.09
9,-0.08
10,-0.08
11,-0.08
12,-0.09
13,-0.09
14,-0.08
15,-0.08
16,-0.10
17,-0.09
18,-0.09
19,-0.08
20,-0.08
21,-0.09
22,-0.09
23,-0.08
24,-0.09
25,-0.09
26,-0.09
27,-0.09
28,-0.08
29,-0.08
30,-0.08
31,-0.08
32,-0.08
33,-0.09
34,-0.09
35,-0.09
36,-0.08
37,-0.08
38,-0.09
39,-0.09
40,-0.09
41,-0.09
42,-0.08
43,-0.08
44,-0.09
45,-0.08
46,-0.08
47,-0.09
48,-0.09
49,-0.09
50,-0.09
51,-0.09
52,-0.09
53,-0.09
54,-0.09
55,-0.08
56,-0.09
57,-0.09
58,-0.08
59,-0.09
60,0.00
61,-0.09
62,-0.08
63,-0.08
64,-0.08
65,-0.08
66,-0.09
67,-0.09
68,-0.09
69,-0.08
70,-0.09
71,-0.09
72,-0.08
73,-0.09
74,-0.09
75,-0.09
76,-0.09
77,-0.08
78,-0.08
79,-0.08
80,-0.09
81,-0.09
82,-0.08
83,-0.09
84,-0.09
85,-0.09
86,-0.08
87,-0.09
88,-0.09
89,-0.09
90,-0.08
91,-0.08
92,-0.08
93,-0.09
94,-0.09
95,-0.08
96,-0.09
97,-0.08
98,-0.09
99,-0.09
100,-0.08
101,-0.09
102,-0.09
103,-0.09
104,-0.08
105,-0.09
106,-0.10
107,-0.09
108,-0.09
109,-0.08
110,-0.08
111,-0.09
112,-0.09
113,-0.08
114,-0.09
115,-0.08
116,-0.09
117,-0.09
118,-0.08
119,-0.09
120,-0.09
121,-0.09
122,-0.08
123,-0.09
124,-0.09
125,-0.09
126,-0.09
127,-0.08
128,-0.09
129,-0.09
130,-0.09
131,-0.08
132,-0.09
133,-0.09
134,-0.09
135,-0.08
136,-0.09
137,-0.09
138,-0.08
139,-0.09
140,-0.09
141,-0.09
142,-0.09
143,-0.09
144,-0.09
145,-0.08
146,-0.09
147,-0.09
148,-0.08
149,-0.09
150,-0.08
151,-0.09
152,-0.09
153,-0.08
154,-0.09
155,-0.08
156,-0.09
157,-0.08
158,-0.09
159,-0.08
160,-0.09
161,-0.09
162,-0.08
163,-0.09
164,-0.09
165,-0.09
166,-0.09
167,-0.09
168,-0.09
169,-0.09
170,-0.09
171,-0.09
172,-0.08
173,-0.09
174,0.00
175,-0.08
176,-0.09
177,-0.08
178,-0.09
179,-0.08
180,-0.08
181,-0.09
182,-0.09
183,-0.09
184,-0.08
185,-0.08
186,-0.09
187,-0.09
188,-0.09
189,-0.08
190,-0.08
191,-0.09
192,-0.08
193,-0.08
194,-0.08
195,-0.09
196,-0.08
197,-0.09
198,-0.09
199,-0.09
200,-0.09
201,-0.08
202,-0.08
203,-0.09
204,-0.09
205,-0.09
206,-0.08
207,-0.09
208,-0.09
209,-0.08
210,-0.09
211,
212,-0.09
213,-0.08
214,-0.08
215,-0.09
216,-0.08
217,-0.09
218,-0.08
219,-0.09
220,-0.08
221,-0.09
222,-0.08
223,-0.09
224,-0.09
225,-0.09
226,-0.09
227,-0.08
228,-0.09
229,-0.08
230,-0.09
231,-0.09
232,-0.08
233,-0.09
234,-0.09
235,-0.080.00
236,-0.09
237,-0.08
238,-0.09
239,-0.09
240,0.00
241,-0.08
242,-0.08
243,-0.08
244,-0.09
245,-0.09
246,-0.09
247,-0.08
248,-0.09
249,-0.08
250,0.00
251,-0.09
252,-0.09
253,-0.08
254,-0.08
255,-0.09
256,-0.09
257,-0.08
258,-0.08
259,-0.09
260,-0.09
261,-0.08
262,-0.08
263,-0.08
264,0.00
265,-0.09
266,-0.09
267,-0.08
268,-0.09
269,-0.08
270,-0.08
271,-0.09
272,-0.09
273,-0.08
274,-0.08
275,-0.08
276,-0.08
277,-0.08
278,-0.09
279,-0.09
280,-0.09
281,-0.09
282,-0.09
283,-0.09
284,-0.08
285,-0.08
286,-0.09
287,-0.08
288,-0.09
289,-0.09
290,-0.08
291,-0.09
292,-0.08
293,-0.08
294,-0.09
295,-0.09
296,-0.09
297,-0.08
298,0.00
299,-0.09
300,-0.08
301,-0.09
302,-0.09
303,-0.08
304,-0.08
305,-0.09
306,-0.09
307,-0.09
308,-0.08
309,-0.09
310,-0.09
311,-0.08
312,-0.08
313,-0.09
314,-0.09
315,-0.10
316,-0.09
317,-0.09
318,-0.10
319,0.00
320,-0.09
321,-0.09
322,-0.09
323,-0.09
324,-0.09
325,-0.08
326,-0.09
327,-0.09
328,-0.10
329,0.00
330,-0.09
331,-0.09
332,-0.09
333,-0.08
334,-0.09
335,-0.09
336,-0.08
337,-0.09
338,-0.09
339,0.00
340,-0.09
341,-0.09
342,-0.10
343,-0.08
344,-0.08
345,-0.09
346,-0.09
347,-0.08
348,-0.09
349,-0.09
350,-0.08
351,-0.09
352,-0.09
353,-0.09
354,-0.08
355,-0.09
356,-0.08
357,-0.09
358,0.00
359,-0.09
360,-0.08
361,-0.08
362,-0.09
363,0.00
364,-0.09
365,-0.09
366,-0.09
367,-0.09
368,-0.08
369,-0.09
370,-0.09
371,-0.09
372,-0.09
373,-0.08
374,-0.08
375,-0.09
376,-0.09
377,-0.09
378,-0.09
379,-0.09
380,-0.09
381,-0.08
382,-0.09
383,-0.08
384,-0.09
385,-0.08
386,-0.09
387,-0.09
388,0.00
389,-0.09
390,-0.09
391,-0.08
392,-0.09
393,0.00
394,-0.09
395,-0.08
396,-0.09
397,-0.09
398,-0.09
399,-0.09
400,-0.09
401,-0.09
402,-0.09
403,-0.08
404,-0.09
405,-0.09
406,-0.09
407,-0.09
408,-0.10
409,-0.08
410,-0.09
411,-0.09
412,-0.09
413,-0.09
414,-0.08
415,-0.09
416,-0.09
417,-0.09
418,0.00
419,-0.08
420,-0.09
421,-0.09
422,-0.08
423,-0.09
424,-0.09
425,-0.08
426,-0.09
427,-0.08
428,-0.08
429,0.00
430,-0.08
431,-0.09
432,-0.09
433,0.00
434,-0.09
435,-0.08
436,-0.09
437,-0.09
438,-0.08
439,-0.09
440,-0.09
441,-0.08
442,-0.09
443,-0.09
444,-0.08
445,-0.09
446,-0.09
447,-0.09
448,-0.09
449,-0.10
450,-0.09
451,-0.09
452,-0.09
453,-0.09
454,-0.08
455,-0.09
456,-0.09
457,-0.08
458,-0.08
459,-0.09
460,-0.09
461,-0.09
462,-0.08
463,-0.08
464,-0.10
465,-0.09
466,-0.08
467,-0.09
468,-0.08
469,-0.10
470,-0.09
471,-0.09
472,-0.09
473,-0.10
474,-0.08
475,-0.08
476,-0.09
477,-0.09
478,-0.09
479,-0.09
480,-0.09
481,-0.08
482,-0.08
483,-0.09
484,-0.08
485,-0.08
486,-0.09
487,-0.08
488,-0.08
489,-0.09
490,-0.09
491,-0.08
492,0.00
493,-0.09
494,-0.09
495,-0.09
496,0.00
497,-0.09
498,-0.09
499,-0.09
500,-0.09
501,-0.09
502,-0.09
503,-0.09
504,-0.09
505,-0.08
506,-0.10
507,-0.09
508,-0.09
509,-0.09
510,-0.08
511,-0.09
512,-0.08
513,-0.09
514,-0.10
515,-0.09
516,-0.08
517,-0.09
518,-0.09
519,-0.08
520,0.00
521,-0.09
522,-0.08
523,-0.09
524,-0.08
525,-0.09
526,-0.09
527,-0.09
528,-0.09
529,-0.09
530,-0.08
531,-0.08
532,-0.09
533,-0.09
534,-0.09
535,-0.09
536,-0.09
537,-0.09
538,-0.09
539,-0.09
540,-0.09
541,-0.09
542,-0.09
543,-0.09
544,-0.08
545,-0.09
546,-0.09
547,-0.09
548,-0.09
549,-0.08
550,-0.09
551,-0.08
552,-0.08
553,-0.09
554,-0.08
555,-0.09
556,-0.09
557,-0.09
558,-0.09
559,-0.08
560,-0.08
561,-0.08
562,-0.09
563,-0.09
564,-0.08
565,-0.09
566,-0.08
567,-0.08
568,-0.09
569,-0.09
570,-0.09
571,-0.08
572,-0.09
573,-0.09
574,-0.09
575,-0.09
576,-0.09
577,-0.08
578,-0.09
579,-0.09
580,-0.09
581,-0.09
582,-0.09
583,-0.09
584,-0.08
585,-0.09
586,-0.08
587,-0.09
588,-0.08
589,-0.08
590,-0.09
591,-0.09
592,-0.09
593,-0.09
594,-0.10
595,-0.08
596,-0.08
597,-0.09
598,-0.09
599,-0.09
600,-0.08
601,-0.09
602,-0.08
603,-0.09
604,-0.08
605,-0.09
606,-0.09
607,-0.08
608,-0.09
609,-0.09
610,-0.09
611,-0.09
612,-0.09
613,-0.09
614,-0.09
615,-0.08
616,-0.08
617,-0.08
618,-0.09
619,-0.09
620,-0.09
621,-0.10
622,-0.08
623,-0.09
624,-0.09
625,-0.08
626,-0.09
627,-0.09
628,-0.09
629,-0.08
630,-0.09
631,-0.09
632,-0.09
633,-0.09
634,-0.09
635,-0.10
636,-0.08
637,-0.09
638,-0.08
639,-0.08
640,-0.09
641,-0.09
642,-0.09
643,-0.09
644,-0.08
645,-0.08
646,-0.09
647,-0.08
648,-0.09
649,-0.09
650,-0.09
651,-0.08
652,-0.09
653,-0.09
654,-0.09
655,-0.09
656,-0.09
657,-0.08
658,-0.09
659,-0.09
660,-0.08
661,-0.09
662,-0.09
663,-0.09
664,-0.09
665,-0.08
666,-0.09
667,-0.09
668,-0.09
669,-0.08
670,-0.08
671,-0.08
672,-0.09
673,-0.09
674,-0.09
675,-0.09
676,-0.08
677,-0.08
678,-0.08
679,-0.09
680,-0.09
681,-0.08
682,-0.09
683,-0.08
684,-0.09
685,-0.09
686,-0.09
687,-0.09
688,-0.08
689,-0.09
690,-0.09
691,-0.09
692,-0.09
693,-0.09
694,-0.09
695,-0.09
696,-0.08
697,-0.09
698,-0.10
699,-0.08
700,-0.09
701,-0.08
702,-0.09
703,-0.09
704,-0.09
705,-0.09
706,-0.09
707,-0.09
708,-0.09
709,-0.08
710,-0.09
711,-0.09
712,-0.09
713,-0.08
714,-0.09
715,-0.09
716,-0.08
717,-0.08
718,-0.09
719,-0.08
720,-0.09
721,-0.09
722,-0.08
723,-0.09
724,-0.09
725,-0.09
726,-0.08
727,-0.09
728,-0.08
729,-0.08
730,-0.09
731,-0.09
732,-0.09
733,-0.09
734,-0.09
735,-0.09
736,-0.09
737,-0.09
738,-0.09
739,-0.09
740,-0.09
741,-0.09
742,-0.08
743,-0.09
744,-0.08
745,-0.10
746,-0.09
747,-0.09
748,-0.09
749,-0.09
750,-0.10
751,-0.08
752,-0.09
753,-0.08
754,-0.09
755,-0.08
756,-0.09
757,-0.08
758,-0.08
759,-0.08
760,-0.09
761,-0.08
762,-0.09
763,-0.09
764,-0.09
765,-0.08
766,-0.08
767,-0.09
768,-0.09
769,-0.08
770,-0.09
771,-0.09
772,-0.09
773,-0.09
774,-0.09
775,-0.09
776,-0.09
777,-0.08
778,-0.09
779,-0.10
780,-0.09
781,-0.09
782,-0.09
783,-0.09
784,-0.09
785,-0.09
786,-0.09
787,-0.09
788,-0.09
789,-0.09
790,-0.09
791,-0.09
792,-0.08
793,-0.09
794,-0.09
795,-0.08
796,-0.09
797,-0.09
798,-0.09
799,-0.08
800,-0.08
801,-0.09
802,-0.09
803,-0.08
804,-0.08
805,-0.10
806,-0.08
807,-0.09
808,-0.08
809,-0.09
810,-0.08
811,-0.09
812,-0.09
813,-0.08
814,-0.08
815,-0.09
816,-0.09
817,-0.09
818,-0.09
819,-0.09
820,-0.09
821,-0.08
822,-0.09
823,-0.09
824,-0.09
825,-0.09
826,-0.08
827,-0.08
828,-0.08
829,-0.09
830,-0.08
831,-0.08
832,-0.09
833,-0.09
834,-0.09
835,-0.09
836,-0.08
837,-0.09
838,-0.09
839,-0.09
840,-0.09
841,-0.09
842,-0.08
843,-0.08
844,-0.09
845,-0.09
846,-0.09
847,-0.09
848,-0.09
849,-0.08
850,-0.09
851,-0.09
852,-0.09
853,-0.09
854,-0.08
855,-0.08
856,-0.09
857,-0.09
858,-0.09
859,-0.09
860,-0.08
861,-0.09
862,-0.09
863,-0.09
864,-0.09
865,-0.09
866,-0.09
867,-0.10
868,-0.09
869,-0.09
870,-0.09
871,-0.09
872,-0.08
873,-0.09
874,-0.09
875,-0.08
876,-0.09
877,-0.09
878,-0.09
879,-0.09
880,-0.09
881,-0.09
882,-0.09
883,-0.09
884,-0.08
885,-0.09
886,-0.09
887,-0.09
888,-0.09
889,-0.09
890,-0.10
891,-0.09
892,-0.08
893,-0.08
894,-0.09
895,-0.09
896,-0.08
897,-0.09
898,-0.09
899,-0.09
900,-0.09
901,-0.09
902,-0.09
903,-0.08
904,-0.12
905,-0.07
906,-0.11
907,-0.11
908,-0.12
909,-0.12
910,-0.11
911,-0.10
912,-0.11
913,-0.11
914,-0.11
915,-0.10
916,-0.10
917,-0.11
918,-0.10
919,-0.10
920,-0.11
921,-0.11
922,-0.12
923,-0.11
924,-0.10
925,-0.10
926,-0.09
927,-0.06
928,-0.09
929,0.07
930,0.03
931,-0.10
932,-0.11
933,-0.13
934,-0.08
935,-0.11
936,-0.17
937,-0.19
938,-0.21
939,-0.20
940,-0.07
941,-0.52
942,-0.52
943,-0.43
944,-0.42
945,-0.41
946,-0.28
947,-0.20
948,-0.23
949,-0.28
950,-0.31
951,-0.37
952,-0.47
953,-0.48
954,-0.44
955,-0.40
956,-0.39
957,-0.41
958,-0.41
959,-0.45
960,-0.51
961,-0.50
962,-0.50
963,-0.64
964,-0.60
965,-0.55
966,-0.69
967,-0.76
968,-0.66
969,-0.73
970,-0.56
971,-0.62
972,-0.64
973,-0.66
974,-0.71
975,-0.77
976,-0.79
977,-0.78
978,-0.81
979,-0.81
980,-0.81
981,-0.81
982,-0.81
983,-0.81
984,-0.85
985,-0.84
986,-0.85
987,-0.87
988,-0.89
989,-0.92
990,-0.92
991,-0.93
992,-0.96
993,-0.98
994,-0.98
995,-1.01
996,-1.04
997,-1.09
998,-1.12
999,-1.08
1000,-1.08
1001,-1.09
1002,-1.06
1003,-1.00
1004,-0.95
1005,-0.90
1006,-0.85
1007,-0.83
1008,-0.80
1009,-0.86
1010,-0.91
1011,-0.89
1012,-0.88
1013,-0.80
1014,-0.64
1015,-0.76
1016,-0.80
1017,-0.75
1018,-0.75
1019,-0.72
1020,-0.69
1021,-0.56
1022,-0.49
1023,-0.41
1024,-0.34
1025,-0.34
1026,-0.31
1027,-0.31
1028,-0.29
1029,-0.27
1030,-0.25
1031,-0.27
1032,-0.27
1033,-0.23
1034,-0.19
1035,-0.18
1036,-0.18
1037,-0.08
1038,-0.07
1039,-0.04
1040,-0.03
1041,0.00
1042,0.02
1043,0.06
1044,0.15
1045,0.15
1046,0.11
1047,0.01
1048,-0.04
1049,-0.03
1050,0.02
1051,0.03
1052,0.03
1053,0.02
1054,-0.00
1055,0.01
1056,0.02
1057,0.03
1058,-0.00
1059,0.00
1060,0.03
1061,-0.02
1062,-0.03
1063,-0.05
1064,-0.11
1065,-0.16
1066,-0.20
1067,-0.23
1068,-0.27
1069,-0.30
1070,-0.30
1071,-0.29
1072,-0.35
1073,-0.40
1074,-0.45
1075,-0.40
1076,-0.42
1077,-0.42
1078,-0.36
1079,-0.37
1080,-0.39
1081,-0.36
1082,-0.28
1083,-0.20
1084,-0.15
1085,-0.15
1086,-0.11
1087,-0.19
1088,-0.24
1089,-0.32
1090,-0.30
1091,-0.25
1092,-0.18
1093,-0.17
1094,-0.10
1095,-0.08
1096,-0.07
1097,-0.07
1098,-0.10
1099,-0.13
1100,-0.11
1101,-0.09
1102,-0.03
1103,-0.03
1104,-0.05
1105,-0.05
1106,-0.09
1107,-0.11
1108,-0.11
1109,-0.12
1110,-0.11
1111,-0.08
1112,-0.05
1113,-0.04
1114,0.00
1115,0.00
1116,-0.05
1117,-0.07
1118,-0.09
1119,-0.11
1120,-0.11
1121,-0.12
1122,-0.14
1123,-0.18
1124,-0.20
1125,-0.21
1126,-0.22
1127,-0.22
1128,-0.20
1129,-0.18
1130,-0.19
1131,-0.21
1132,-0.25
1133,-0.25
1134,-0.25
1135,-0.27
1136,-0.33
1137,-0.31
1138,-0.33
1139,-0.34
1140,-0.34
1141,-0.36
1142,-0.36
1143,-0.33
1144,-0.29
1145,-0.25
1146,-0.28
1147,-0.30
1148,-0.30
1149,-0.29
1150,-0.28
1151,-0.28
1152,-0.30
1153,-0.33
1154,-0.35
1155,-0.36
1156,-0.35
1157,-0.31
1158,-0.27
1159,-0.25
1160,-0.24
1161,-0.23
1162,-0.21
1163,-0.19
1164,-0.18
1165,-0.13
1166,-0.13
1167,-0.17
1168,-0.07
1169,-0.05
1170,-0.06
1171,-0.08
1172,-0.12
1173,-0.13
1174,-0.12
1175,-0.11
1176,-0.06
1177,0.00
1178,0.07
1179,0.09
1180,0.05
1181,0.00
1182,0.02
1183,0.06
1184,0.15
1185,0.11
1186,0.17
1187,0.09
1188,0.04
1189,0.05
1190,0.11
1191,0.18
1192,0.09
1193,-0.03
1194,-0.11
1195,-0.08
1196,-0.04
1197,-0.03
1198,-0.05
1199,-0.03
1200,-0.04
1201,-0.07
1202,-0.11
1203,-0.12
1204,-0.16
1205,-0.22
1206,-0.22
1207,-0.26
1208,-0.31
1209,-0.44
1210,-0.37
1211,-0.53
1212,-0.58
1213,-0.57
1214,-0.55
1215,-0.55
1216,-0.58
1217,-0.63
1218,-0.66
1219,-0.74
1220,-0.66
1221,-0.74
1222,-0.76
1223,-0.76
1224,-0.74
1225,-0.74
1226,-0.69
1227,-0.66
1228,-0.62
1229,-0.60
1230,-0.64
1231,-0.64
1232,-0.65
1233,-0.68
1234,-0.67
1235,-0.65
1236,-0.61
1237,-0.63
1238,-0.61
1239,-0.58
1240,-0.56
1241,-0.54
1242,-0.55
1243,-0.55
1244,-0.71
1245,-0.66
1246,-0.63
1247,-0.63
1248,-0.57
1249,-0.59
1250,-0.60
1251,-0.60
1252,-0.62
1253,-0.67
1254,-0.69
1255,-0.66
1256,-0.65
1257,-0.65
1258,-0.59
1259,-0.55
1260,-0.48
1261,-0.56
1262,-0.53
1263,-0.52
1264,-0.54
1265,-0.57
1266,-0.57
1267,-0.62
1268,-0.63
1269,-0.59
1270,-0.58
1271,-0.62
1272,-0.66
1273,-0.66
1274,-0.64
1275,-0.64
1276,-0.67
1277,-0.71
1278,-0.71
1279,-0.76
1280,-0.78
1281,-0.73
1282,-0.67
1283,-0.68
1284,-0.70
1285,-0.77
1286,-0.74
1287,-0.72
1288,-0.66
1289,-0.69
1290,-0.69
1291,-0.68
1292,-0.63
1293,-0.58
1294,-0.56
1295,-0.60
1296,-0.62
1297,-0.56
1298,-0.59
1299,-0.60
1300,-0.55
1301,-0.17
1302,-0.46
1303,-0.41
1304,-0.40
1305,-0.36
1306,-0.31
1307,-0.28
1308,-0.28
1309,-0.19
1310,-0.17
1311,-0.09
1312,-0.04
1313,-0.03
1314,-0.05
1315,-0.03
1316,-0.03
1317,-0.01
1318,0.07
1319,0.11
1320,0.17
1321,0.15
1322,0.16
1323,0.17
1324,0.14
1325,0.14
1326,0.16
1327,0.18
1328,0.21
1329,0.18
1330,0.20
1331,0.24
1332,0.23
1333,0.20
1334,0.22
1335,0.26
1336,0.24
1337,0.19
1338,0.14
1339,0.09
1340,0.05
1341,-0.04
1342,-0.09
1343,-0.08
1344,-0.14
1345,-0.23
1346,-0.22
1347,-0.15
1348,-0.25
1349,-0.29
1350,-0.32
1351,-0.40
1352,-0.50
1353,-0.51
1354,-0.50
1355,-0.46
1356,-0.33
1357,-0.26
1358,-0.40
1359,-0.47
1360,-0.41
1361,-0.45
1362,-0.47
1363,-0.50
1364,-0.50
1365,-0.49
1366,-0.47
1367,-0.47
1368,-0.37
1369,-0.47
1370,-0.57
1371,-0.45
1372,-0.38
1373,-0.33
1374,-0.29
1375,-0.26
1376,-0.29
1377,-0.31
1378,-0.27
1379,-0.33
1380,-0.42
1381,-0.31
1382,-0.31
1383,-0.37
1384,-0.38
1385,-0.31
1386,-0.29
1387,-0.29
1388,-0.32
1389,-0.31
1390,-0.29
1391,-0.32
1392,-0.38
1393,-0.51
1394,-0.68
1395,-0.66
1396,-0.69
1397,-0.72
1398,-0.74
1399,-0.74
1400,-0.79
1401,-0.85
1402,-0.92
1403,-0.93
1404,-0.88
1405,-0.82
1406,-0.79
1407,-0.81
1408,-0.82
1409,-0.85
1410,-0.82
1411,-0.79
1412,-0.69
1413,-0.58
1414,-0.48
1415,-0.35
1416,-0.24
1417,-0.17
1418,-0.14
1419,-0.10
1420,-0.06
1421,-0.02
1422,-0.01
1423,-0.05
1424,-0.10
1425,-0.09
1426,-0.09
1427,-0.05
1428,0.01
1429,0.06
1430,0.02
1431,0.05
1432,0.13
1433,0.16
1434,0.16
1435,0.20
1436,0.21
1437,0.25
1438,0.32
1439,0.37
1440,0.42
1441,0.35
1442,0.33
1443,0.25
1444,0.18
1445,0.12
1446,0.10
1447,0.13
1448,0.15
1449,0.11
1450,0.11
1451,0.09
1452,-0.04
1453,-0.10
1454,-0.08
1455,-0.06
1456,-0.15
1457,-0.19
1458,-0.19
1459,-0.19
1460,-0.18
1461,-0.22
1462,-0.23
1463,-0.24
1464,-0.31
1465,-0.29
1466,-0.29
1467,-0.29
1468,-0.27
1469,-0.24
1470,-0.25
1471,-0.32
1472,-0.43
1473,-0.48
1474,-0.45
1475,-0.43
1476,-0.40
1477,-0.34
1478,-0.28
1479,-0.25
1480,-0.24
1481,-0.29
1482,-0.30
1483,-0.30
1484,-0.29
1485,-0.27
1486,-0.25
1487,-0.21
1488,-0.19
1489,-0.18
1490,-0.18
1491,-0.17
1492,-0.17
1493,-0.21
1494,-0.22
1495,-0.25
1496,-0.28
1497,-0.32
1498,-0.43
1499,-0.44
1500,-0.43
1501,-0.42
1502,-0.43
1503,-0.46
1504,-0.49
1505,-0.49
1506,-0.49
1507,-0.46
1508,-0.39
1509,-0.38
1510,-0.35
1511,-0.30
1512,-0.24
1513,-0.24
1514,-0.23
1515,-0.23
1516,-0.19
1517,-0.17
1518,-0.21
1519,-0.17
1520,-0.11
1521,-0.09
1522,-0.12
1523,-0.12
1524,-0.08
1525,-0.06
1526,-0.03
1527,0.01
1528,0.06
1529,0.08
1530,0.09
1531,0.07
1532,0.06
1533,0.04
1534,-0.05
1535,-0.09
1536,-0.06
1537,-0.04
1538,-0.03
1539,-0.06
1540,-0.02
1541,0.05
1542,0.05
1543,0.03
1544,0.02
1545,0.02
1546,0.09
1547,0.13
1548,0.09
1549,-0.04
1550,-0.10
1551,-0.16
1552,-0.20
1553,-0.13
1554,-0.08
1555,-0.01
1556,-0.01
1557,-0.11
1558,-0.12
1559,-0.12
1560,-0.20
1561,-0.25
1562,-0.26
1563,-0.35
1564,-0.40
1565,-0.35
1566,-0.40
1567,-0.34
1568,-0.27
1569,-0.31
1570,-0.34
1571,-0.33
1572,-0.26
1573,-0.33
1574,-0.36
1575,-0.38
1576,-0.34
1577,-0.32
1578,-0.36
1579,-0.36
1580,-0.34
1581,-0.35
1582,-0.38
1583,-0.35
1584,-0.35
1585,-0.36
1586,-0.32
1587,-0.31
1588,-0.35
1589,-0.33
1590,-0.30
1591,-0.23
1592,-0.21
1593,-0.18
1594,-0.24
1595,-0.31
1596,-0.27
1597,-0.18
1598,-0.07
1599,-0.01
1600,-0.04
1601,-0.12
1602,-0.29
1603,-0.40
1604,-0.53
1605,-0.56
1606,-0.47
1607,-0.34
1608,-0.27
1609,-0.26
1610,-0.19
1611,-0.17
1612,-0.20
1613,-0.25
1614,-0.26
1615,-0.26
1616,-0.22
1617,-0.19
1618,-0.20
1619,-0.23
1620,-0.16
1621,-0.10
1622,-0.10
1623,-0.07
1624,-0.10
1625,-0.14
1626,-0.12
1627,-0.13
1628,-0.13
1629,-0.11
1630,-0.10
1631,-0.12
1632,-0.10
1633,-0.10
1634,-0.13
1635,-0.15
1636,-0.15
1637,-0.13
1638,-0.09
1639,-0.11
1640,-0.23
1641,-0.30
1642,-0.30
1643,-0.23
1644,-0.13
1645,-0.07
1646,-0.10
1647,-0.05
1648,0.01
1649,-0.09
1650,-0.20
1651,-0.10
1652,0.04
1653,0.05
1654,-0.04
1655,-0.15
1656,-0.24
1657,-0.25
1658,-0.14
1659,-0.11
1660,-0.15
1661,-0.20
1662,-0.27
1663,-0.21
1664,-0.24
1665,-0.34
1666,-0.40
1667,-0.49
1668,-0.51
1669,-0.44
1670,-0.39
1671,-0.39
1672,-0.37
1673,-0.29
1674,-0.23
1675,-0.28
1676,-0.34
1677,-0.35
1678,-0.35
1679,-0.35
1680,-0.38
1681,-0.40
1682,-0.40
1683,-0.40
1684,-0.46
1685,-0.48
1686,-0.48
1687,-0.41
1688,-0.34
1689,-0.27
1690,-0.24
1691,-0.28
1692,-0.32
1693,-0.27
1694,-0.22
1695,-0.14
1696,-0.15
1697,-0.24
1698,-0.35
1699,-0.40
1700,-0.44
1701,-0.38
1702,-0.32
1703,-0.24
1704,-0.22
1705,-0.22
1706,-0.26
1707,-0.28
1708,-0.25
1709,-0.28
1710,-0.30
1711,-0.33
1712,-0.34
1713,-0.36
1714,-0.38
1715,-0.26
1716,-0.20
1717,-0.17
1718,-0.21
1719,-0.26
1720,-0.25
1721,-0.25
1722,-0.25
1723,-0.25
1724,-0.18
1725,-0.16
1726,-0.17
1727,-0.21
1728,-0.24
1729,-0.22
1730,-0.22
1731,-0.22
1732,-0.20
1733,-0.20
1734,-0.22
1735,-0.21
1736,-0.20
1737,-0.18
1738,-0.16
1739,-0.07
1740,-0.13
1741,-0.11
1742,-0.11
1743,-0.11
1744,-0.13
1745,-0.11
1746,-0.02
1747,0.02
1748,-0.05
1749,-0.07
1750,-0.01
1751,0.09
1752,0.03
1753,-0.07
1754,-0.18
1755,-0.21
1756,-0.27
1757,-0.28
1758,-0.32
1759,-0.32
1760,-0.25
1761,-0.25
1762,-0.29
1763,-0.27
1764,-0.23
1765,-0.27
1766,-0.27
1767,-0.28
1768,-0.30
1769,-0.35
1770,-0.37
1771,-0.34
1772,-0.27
1773,-0.18
1774,-0.13
1775,-0.10
1776,-0.08
1777,-0.06
1778,-0.16
1779,-0.18
1780,-0.17
1781,-0.17
1782,-0.16
1783,-0.15
1784,-0.13
1785,-0.14
1786,-0.15
1787,-0.11
1788,-0.11
1789,-0.13
1790,-0.15
1791,-0.16
1792,-0.18
1793,-0.18
1794,-0.15
1795,-0.20
1796,-0.25
1797,-0.22
1798,-0.22
1799,-0.17
1800,-0.22
1801,-0.24
1802,-0.43
1803,-0.28
1804,-0.30
1805,-0.29
1806,-0.30
1807,-0.33
1808,-0.39
1809,-0.42
1810,-0.40
1811,-0.43
1812,-0.45
1813,-0.44
1814,-0.44
1815,-0.45
1816,-0.43
1817,-0.35
1818,-0.29
1819,-0.21
1820,-0.23
1821,-0.40
1822,-0.52
1823,-0.54
1824,-0.43
1825,-0.61
1826,-0.55
1827,-0.43
1828,-0.32
1829,-0.33
1830,-0.39
1831,-0.43
1832,-0.45
1833,-0.49
1834,-0.61
1835,-0.58
1836,-0.59
1837,-0.67
1838,-0.72
1839,-0.74
1840,-0.77
1841,-0.76
1842,-0.81
1843,-0.84
1844,-0.90
1845,-0.90
1846,-0.81
1847,-0.86
1848,-0.88
1849,-0.86
1850,-0.80
1851,-0.77
1852,-0.77
1853,-0.78
1854,-0.76
1855,-0.78
1856,-0.79
1857,-0.77
1858,-0.75
1859,-0.76
1860,-0.73
1861,-0.70
1862,-0.69
1863,-0.68
1864,-0.68
1865,-0.67
1866,-0.67
1867,-0.67
1868,-0.65
1869,-0.64
1870,-0.62
1871,-0.36
1872,-0.54
1873,-0.51
1874,-0.47
1875,-0.46
1876,-0.43
1877,-0.40
1878,-0.36
1879,-0.33
1880,-0.32
1881,-0.36
1882,-0.40
1883,-0.43
1884,-0.48
1885,-0.46
1886,-0.49
1887,-0.54
1888,-0.59
1889,-0.59
1890,-0.54
1891,-0.51
1892,-0.47
1893,-0.44
1894,-0.36
1895,-0.33
1896,-0.34
1897,-0.33
1898,-0.35
1899,-0.35
1900,-0.37
1901,-0.37
1902,-0.35
1903,-0.29
1904,-0.22
1905,-0.20
1906,-0.15
1907,-0.16
1908,-0.21
1909,-0.26
1910,-0.29
1911,-0.28
1912,-0.27
1913,-0.25
1914,-0.22
1915,-0.22
1916,-0.21
1917,-0.18
1918,-0.13
1919,-0.14
1920,-0.14
1921,-0.14
1922,-0.06
1923,-0.05
1924,-0.20
1925,-0.19
1926,-0.20
1927,-0.23
1928,-0.21
1929,-0.18
1930,-0.14
1931,-0.13
1932,-0.12
1933,-0.15
1934,-0.17
1935,-0.19
1936,-0.20
1937,-0.16
1938,-0.14
1939,-0.17
1940,-0.17
1941,-0.17
1942,-0.14
1943,-0.15
1944,-0.16
1945,-0.13
1946,-0.10
1947,-0.04
1948,-0.07
1949,-0.13
1950,-0.13
1951,-0.20
1952,0.08
1953,-0.27
1954,-0.11
1955,-0.14
1956,-0.19
1957,-0.14
1958,-0.03
1959,-0.00
1960,-0.04
1961,-0.04
1962,-0.07
1963,-0.06
1964,-0.03
1965,-0.04
1966,-0.04
1967,0.00
1968,-0.03
1969,-0.00
1970,-0.02
1971,-0.06
1972,-0.05
1973,-0.05
1974,-0.03
1975,-0.03
1976,-0.07
1977,-0.07
1978,-0.04
1979,-0.05
1980,-0.05
1981,-0.05
1982,-0.05
1983,-0.04
1984,-0.06
1985,-0.06
1986,-0.04
1987,-0.04
1988,-0.05
1989,-0.04
1990,-0.05
1991,-0.05
1992,-0.04
1993,-0.04
1994,-0.05
1995,-0.05
1996,-0.05
1997,-0.04
1998,-0.04
1999,-0.05
2000,-0.05
2001,-0.05
2002,-0.05
2003,-0.05
2004,-0.04
2005,-0.05
2006,-0.05
2007,-0.04
2008,-0.04
2009,-0.05
2010,-0.04
2011,-0.04
2012,-0.04
2013,-0.05
2014,-0.05
2015,-0.05
2016,-0.04
2017,-0.05
2018,-0.03
2019,-0.05
2020,-0.05
2021,-0.04
2022,-0.04
2023,-0.04
2024,-0.04
2025,-0.05
2026,-0.05
2027,-0.04
2028,-0.04
2029,-0.04
2030,-0.04
2031,-0.04
2032,-0.05
2033,-0.04
2034,-0.04
2035,-0.05
2036,-0.04
2037,-0.05
2038,-0.05
2039,-0.05
2040,-0.04
2041,-0.05
2042,-0.04
2043,-0.04
2044,-0.05
2045,-0.04
2046,-0.05
2047,-0.04
2048,-0.04
2049,-0.05
2050,-0.03
2051,-0.04
2052,-0.05
2053,-0.04
2054,-0.04
2055,-0.05
2056,-0.04
2057,-0.04
2058,-0.05
2059,-0.05
2060,-0.05
2061,-0.04
2062,-0.04
2063,-0.04
2064,-0.05
2065,-0.04
2066,-0.04
2067,-0.05
2068,-0.04
2069,-0.05
2070,-0.05
2071,-0.05
2072,-0.05
2073,-0.04
2074,-0.05
2075,-0.04
2076,-0.04
2077,-0.04
2078,-0.05
2079,-0.01
2080,-0.08
2081,-0.10
2082,-0.03
2083,0.03
2084,-0.02
2085,-0.02
2086,-0.06
2087,-0.10
2088,-0.08
2089,-0.04
2090,-0.02
2091,-0.03
2092,-0.07
2093,0.01
2094,-0.03
2095,-0.07
2096,-0.07
2097,-0.06
2098,-0.06
2099,-0.05
2100,-0.06
2101,-0.06
2102,-0.06
2103,-0.11
2104,-0.24
2105,-0.16
2106,-0.08
2107,-0.11
2108,-0.22
2109,-0.24
2110,-0.26
2111,-0.21
2112,-0.15
2113,-0.14
2114,-0.17
2115,-0.19
2116,-0.19
2117,-0.21
2118,-0.25
2119,-0.22
2120,-0.14
2121,-0.12
2122,-0.19
2123,-0.23
2124,-0.18
2125,-0.13
2126,-0.14
2127,-0.12
2128,-0.07
2129,-0.01
2130,0.01
2131,-0.01
2132,-0.01
2133,-0.06
2134,-0.06
2135,-0.08
2136,-0.09
2137,-0.11
2138,-0.13
2139,-0.11
2140,-0.17
2141,-0.13
2142,-0.07
2143,-0.11
2144,-0.19
2145,-0.24
2146,-0.23
2147,-0.23
2148,-0.28
2149,-0.35
2150,-0.34
2151,-0.37
2152,-0.41
2153,-0.34
2154,-0.30
2155,-0.30
2156,-0.31
2157,-0.29
2158,-0.29
2159,-0.29
2160,-0.37
2161,-0.37
2162,-0.38
2163,-0.34
2164,-0.35
2165,-0.39
2166,-0.43
2167,-0.44
2168,-0.44
2169,-0.47
2170,-0.49
2171,-0.49
2172,-0.44
2173,-0.53
2174,-0.52
2175,-0.57
2176,-0.57
2177,-0.54
2178,-0.50
2179,-0.47
2180,-0.46
2181,-0.46
2182,-0.46
2183,-0.48
2184,-0.47
2185,-0.46
2186,-0.47
2187,-0.49
2188,-0.46
2189,-0.41
2190,-0.39
2191,-0.37
2192,-0.37
2193,-0.37
2194,-0.42
2195,-0.44
2196,-0.43
2197,-0.45
2198,-0.45
2199,-0.42
2200,-0.34
2201,-0.28
2202,-0.27
2203,-0.22
2204,-0.17
2205,-0.20
2206,-0.21
2207,-0.23
2208,-0.29
2209,-0.28
2210,-0.23
2211,-0.14
2212,-0.05
2213,-0.03
2214,-0.03
2215,-0.05
2216,-0.09
2217,-0.11
2218,-0.11
2219,-0.12
2220,-0.17
2221,-0.21
2222,-0.22
2223,-0.20
2224,-0.17
2225,-0.15
2226,-0.15
2227,-0.17
2228,-0.16
2229,-0.16
2230,-0.19
2231,-0.19
2232,-0.23
2233,-0.26
2234,-0.24
2235,-0.26
2236,-0.19
2237,-0.14
2238,-0.19
2239,-0.22
2240,-0.23
2241,-0.23
2242,-0.35
2243,-0.43
2244,-0.42
2245,-0.45
2246,-0.50
2247,-0.48
2248,-0.47
2249,-0.45
2250,-0.47
2251,-0.50
2252,-0.54
2253,-0.56
2254,-0.57
2255,-0.56
2256,-0.56
2257,-0.57
2258,-0.56
2259,-0.56
2260,-0.57
2261,-0.58
2262,-0.53
2263,-0.48
2264,-0.45
2265,-0.46
2266,-0.47
2267,-0.48
2268,-0.48
2269,-0.48
2270,-0.47
2271,-0.45
2272,-0.44
2273,-0.42
2274,-0.40
2275,-0.37
2276,-0.38
2277,-0.45
2278,-0.54
2279,-0.59
2280,-0.61
2281,-0.57
2282,-0.52
2283,-0.47
2284,-0.45
2285,-0.42
2286,-0.40
2287,-0.42
2288,-0.47
2289,-0.49
2290,-0.50
2291,-0.51
2292,-0.53
2293,-0.52
2294,-0.52
2295,-0.49
2296,-0.46
2297,-0.45
2298,-0.43
2299,-0.42
2300,-0.40
2301,-0.40
2302,-0.38
2303,-0.39
2304,-0.42
2305,-0.44
2306,-0.46
2307,-0.47
2308,-0.46
2309,-0.44
2310,-0.41
2311,-0.38
2312,-0.37
2313,-0.38
2314,-0.39
2315,-0.40
2316,-0.40
2317,-0.42
2318,-0.43
2319,-0.43
2320,-0.42
2321,-0.41
2322,-0.40
2323,-0.37
2324,-0.35
2325,-0.36
2326,-0.35
2327,-0.35
2328,-0.35
2329,-0.36
2330,-0.32
2331,-0.30
2332,-0.27
2333,-0.28
2334,-0.28
2335,-0.24
2336,-0.26
2337,-0.26
2338,-0.28
2339,-0.31
2340,-0.29
2341,-0.27
2342,-0.24
2343,-0.25
2344,-0.23
2345,-0.22
2346,-0.23
2347,-0.24
2348,-0.24
2349,-0.25
2350,-0.30
2351,-0.32
2352,-0.33
2353,-0.33
2354,-0.33
2355,-0.33
2356,-0.36
2357,-0.37
2358,-0.35
2359,-0.34
2360,-0.31
2361,-0.26
2362,-0.28
2363,-0.35
2364,-0.37
2365,-0.39
2366,-0.47
2367,-0.44
2368,-0.46
2369,-0.43
2370,-0.44
2371,-0.45
2372,-0.46
2373,-0.45
2374,-0.38
2375,-0.41
2376,-0.41
2377,-0.34
2378,-0.32
2379,-0.32
2380,-0.31
2381,-0.30
2382,-0.30
2383,-0.39
2384,-0.41
2385,-0.39
2386,-0.40
2387,-0.51
2388,-0.43
2389,-0.51
2390,-0.59
2391,-0.45
2392,-0.40
2393,-0.45
2394,-0.46
2395,-0.49
2396,-0.53
2397,-0.53
2398,-0.53
2399,-0.54
2400,-0.54
2401,-0.52
2402,-0.52
2403,-0.54
2404,-0.58
2405,-0.62
2406,-0.61
2407,-0.62
2408,-0.64
2409,-0.63
2410,-0.63
2411,-0.61
2412,-0.61
2413,-0.60
2414,-0.56
2415,-0.53
2416,-0.56
2417,-0.58
2418,-0.59
2419,-0.60
2420,-0.62
2421,-0.59
2422,-0.55
2423,-0.53
2424,-0.53
2425,-0.51
2426,-0.47
2427,-0.45
2428,-0.42
2429,-0.41
2430,-0.39
2431,-0.39
2432,-0.40
2433,-0.44
2434,-0.45
2435,-0.46
2436,-0.40
2437,-0.33
2438,-0.29
2439,-0.28
2440,-0.29
2441,-0.30
2442,-0.30
2443,-0.33
2444,-0.36
2445,-0.36
2446,-0.35
2447,-0.28
2448,-0.24
2449,-0.23
2450,-0.26
2451,-0.28
2452,-0.29
2453,-0.28
2454,-0.24
2455,-0.24
2456,-0.22
2457,-0.23
2458,-0.26
2459,-0.28
2460,-0.32
2461,-0.33
2462,-0.33
2463,-0.32
2464,-0.29
2465,-0.29
2466,-0.30
2467,-0.29
2468,-0.30
2469,-0.35
2470,-0.36
2471,-0.35
2472,-0.36
2473,-0.37
2474,-0.39
2475,-0.44
2476,-0.51
2477,-0.52
2478,-0.49
2479,-0.46
2480,-0.43
2481,-0.46
2482,-0.51
2483,-0.57
2484,-0.65
2485,-0.71
2486,-0.72
2487,-0.69
2488,-0.74
2489,-0.83
2490,-0.85
2491,-0.84
2492,-0.84
2493,-0.84
2494,-0.87
2495,-0.94
2496,-0.83
2497,-0.79
2498,-0.83
2499,-0.80
2500,-0.78
2501,-0.75
2502,-0.70
2503,-0.62
2504,-0.59
2505,-0.53
2506,-0.44
2507,-0.42
2508,-0.40
2509,-0.42
2510,-0.38
2511,-0.30
2512,-0.29
2513,-0.27
2514,-0.26
2515,-0.23
2516,-0.15
2517,-0.10
2518,-0.01
2519,0.02
2520,0.03
2521,0.05
2522,0.14
2523,0.21
2524,0.22
2525,0.19
2526,0.18
2527,0.15
2528,0.08
2529,0.09
2530,0.10
2531,0.02
2532,-0.09
2533,-0.16
2534,-0.16
2535,-0.18
2536,-0.23
2537,-0.24
2538,-0.25
2539,-0.19
2540,-0.20
2541,-0.27
2542,-0.37
2543,-0.42
2544,-0.42
2545,-0.37
2546,-0.33
2547,-0.32
2548,-0.29
2549,-0.23
2550,-0.16
2551,-0.18
2552,-0.19
2553,-0.17
2554,-0.06
2555,-0.02
2556,-0.01
2557,-0.01
2558,0.01
2559,0.02
2560,0.00
2561,0.06
2562,0.09
2563,0.10
2564,0.18
2565,0.12
2566,0.06
2567,0.06
2568,0.13
2569,0.14
2570,0.14
2571,0.16
2572,0.19
2573,0.18
2574,0.15
2575,0.13
2576,0.14
2577,0.16
2578,0.18
2579,0.27
2580,0.26
2581,0.20
2582,0.20
2583,0.24
2584,0.25
2585,0.25
2586,0.25
2587,0.25
2588,0.23
2589,0.20
2590,0.20
2591,0.20
2592,0.20
2593,0.20
2594,0.20
2595,0.18
2596,0.17
2597,0.15
2598,0.11
2599,0.09
2600,0.03
2601,0.01
2602,-0.02
2603,-0.06
2604,-0.10
2605,-0.08
2606,-0.08
2607,-0.08
2608,-0.06
2609,-0.06
2610,-0.10
2611,-0.09
2612,-0.19
2613,-0.17
2614,-0.14
2615,-0.12
2616,-0.14
2617,-0.15
2618,-0.14
2619,-0.13
2620,-0.19
2621,-0.20
2622,-0.23
2623,-0.29
2624,-0.31
2625,-0.31
2626,-0.35
2627,-0.37
2628,-0.38
2629,-0.39
2630,-0.43
2631,-0.44
2632,-0.41
2633,-0.41
2634,-0.40
2635,-0.42
2636,-0.42
2637,-0.38
2638,-0.38
2639,-0.41
2640,-0.43
2641,-0.42
2642,-0.43
2643,-0.45
2644,-0.47
2645,-0.44
2646,-0.44
2647,-0.43
2648,-0.42
2649,-0.41
2650,-0.40
2651,-0.39
2652,-0.40
2653,-0.39
2654,-0.38
2655,-0.37
2656,-0.38
2657,-0.37
2658,-0.38
2659,-0.40
2660,-0.40
2661,-0.39
2662,-0.38
2663,-0.37
2664,-0.35
2665,-0.34
2666,-0.34
2667,-0.33
2668,-0.33
2669,-0.33
2670,-0.32
2671,-0.30
2672,-0.29
2673,-0.26
2674,-0.28
2675,-0.31
2676,-0.29
2677,-0.28
2678,-0.24
2679,-0.17
2680,-0.24
2681,-0.30
2682,-0.34
2683,-0.35
2684,-0.31
2685,-0.31
2686,-0.32
2687,-0.35
2688,-0.37
2689,-0.36
2690,-0.36
2691,-0.38
2692,-0.38
2693,-0.37
2694,-0.32
2695,-0.28
2696,-0.27
2697,-0.26
2698,-0.23
2699,-0.27
2700,-0.26
2701,-0.23
2702,-0.19
2703,-0.17
2704,-0.21
2705,-0.25
2706,-0.27
2707,-0.30
2708,-0.30
2709,-0.27
2710,-0.23
2711,-0.21
2712,-0.20
2713,-0.18
2714,-0.17
2715,-0.15
2716,-0.14
2717,-0.14
2718,-0.15
2719,-0.10
2720,0.05
2721,-0.12
2722,-0.04
2723,-0.09
2724,-0.11
2725,-0.03
2726,-0.00
2727,0.01
2728,-0.03
2729,0.02
2730,0.01
2731,0.32
2732,0.13
2733,0.23
2734,-0.17
2735,-0.33
2736,-0.23
2737,-0.03
2738,-0.06
2739,-0.05
2740,-0.03
2741,-0.06
2742,-0.05
2743,-0.05
2744,-0.05
2745,-0.06
2746,-0.06
2747,-0.05
2748,-0.06
2749,-0.05
2750,-0.06
2751,-0.05
2752,-0.05
2753,-0.05
2754,-0.06
2755,-0.04
2756,-0.05
2757,-0.05
2758,-0.05
2759,-0.06
2760,-0.05
2761,-0.05
2762,-0.05
2763,-0.06
2764,-0.05
2765,-0.05
2766,-0.05
2767,-0.04
2768,-0.05
2769,-0.05
2770,-0.05
2771,-0.05
2772,-0.05
2773,-0.06
2774,-0.06
2775,-0.04
2776,-0.05
2777,-0.05
2778,-0.05
2779,-0.05
2780,-0.05
2781,-0.06
2782,-0.05
2783,-0.06
2784,-0.05
2785,-0.06
2786,-0.05
2787,-0.05
2788,-0.05
2789,-0.06
2790,-0.05
2791,-0.05
2792,-0.04
2793,-0.05
2794,-0.06
2795,-0.06
2796,-0.05
2797,-0.06
2798,-0.05
2799,-0.06
2800,-0.05
2801,-0.05
2802,-0.05
2803,-0.06
2804,-0.05
2805,-0.05
2806,-0.05
2807,-0.05
2808,-0.05
2809,-0.05
2810,-0.05
2811,-0.05
2812,-0.05
2813,-0.06
2814,-0.05
2815,-0.04
2816,-0.04
2817,-0.05
2818,-0.05
2819,-0.05
2820,-0.05
2821,-0.05
2822,-0.05
2823,-0.06
2824,-0.05
2825,-0.05
2826,-0.05
2827,-0.06
2828,-0.06
2829,-0.04
2830,-0.05
2831,-0.05
2832,-0.06
2833,-0.05
2834,-0.05
2835,-0.05
2836,-0.05
2837,-0.05
2838,-0.05
2839,-0.05
2840,-0.05
2841,-0.05
2842,-0.05
2843,-0.05
2844,-0.05
2845,-0.05
2846,-0.05
2847,-0.05
2848,-0.05
2849,-0.04
2850,-0.06
2851,-0.06
2852,-0.05
2853,-0.05
2854,-0.05
2855,-0.06
2856,-0.06
2857,-0.05
2858,-0.05
2859,-0.05
2860,-0.05
2861,-0.05
2862,-0.05
2863,-0.04
2864,-0.05
2865,-0.05
2866,-0.06
2867,-0.05
2868,-0.05
2869,-0.05
2870,-0.05
2871,-0.05
2872,-0.05
2873,-0.05
2874,-0.06
2875,-0.06
2876,-0.05
2877,-0.05
2878,-0.05
2879,-0.06
2880,-0.05
2881,-0.05
2882,-0.05
2883,-0.06
2884,-0.06
2885,-0.05
2886,-0.05
2887,-0.05
2888,-0.05
2889,-0.05
2890,-0.05
2891,-0.05
2892,-0.05
2893,-0.06
2894,-0.05
2895,-0.05
2896,-0.05
2897,-0.06
2898,-0.05
2899,-0.05
2900,-0.05
2901,-0.05
2902,-0.05
2903,-0.05
2904,-0.05
2905,-0.06
2906,-0.05
2907,-0.05
2908,-0.05
2909,-0.06
2910,-0.06
2911,-0.05
2912,-0.05
2913,-0.05
2914,-0.06
2915,-0.05
2916,-0.05
2917,-0.04
2918,-0.06
2919,-0.06
2920,-0.05
2921,-0.05
2922,-0.05
2923,-0.05
2924,-0.05
2925,-0.06
2926,-0.05
2927,-0.05
2928,-0.06
2929,-0.05
2930,-0.05
2931,-0.05
2932,-0.06
2933,-0.04
2934,-0.06
2935,-0.06
2936,-0.06
2937,-0.05
2938,-0.05
2939,-0.06
2940,-0.05
2941,-0.04
2942,-0.05
2943,-0.05
2944,-0.06
2945,-0.05
2946,-0.05
2947,-0.06
2948,-0.07
2949,-0.07
2950,-0.05
2951,-0.04
2952,-0.05
2953,-0.06
2954,-0.05
2955,-0.06
2956,-0.05
2957,-0.06
2958,-0.06
2959,-0.06
2960,-0.04
2961,-0.05
2962,-0.06
2963,-0.05
2964,-0.05
2965,-0.05
2966,-0.04
2967,-0.06
2968,-0.05
2969,-0.05
2970,-0.05
2971,-0.05
2972,-0.05
2973,-0.04
2974,-0.05
2975,-0.06
2976,-0.05
2977,-0.04
2978,-0.05
2979,-0.05
2980,-0.06
2981,-0.05
2982,-0.05
2983,-0.05
2984,-0.06
2985,-0.05
2986,-0.05
2987,-0.05
2988,-0.05
2989,-0.05
2990,-0.05
2991,-0.05
2992,-0.05
2993,-0.06
2994,-0.05
2995,-0.05
2996,-0.05
2997,-0.05
2998,-0.06
2999,-0.05
3000,-0.05
3001,-0.05
3002,-0.05
3003,-0.05
3004,-0.05
3005,-0.05
3006,-0.06
3007,-0.06
3008,-0.06
3009,-0.05
3010,-0.05
3011,-0.04
3012,-0.05
3013,-0.06
3014,-0.05
3015,-0.04
3016,-0.06
3017,-0.06
3018,-0.05
3019,-0.05
3020,-0.05
3021,-0.05
3022,-0.05
3023,-0.06
3024,-0.05
3025,-0.05
3026,-0.06
3027,-0.04
3028,-0.06
3029,-0.06
3030,-0.05
3031,-0.05
3032,-0.05
3033,-0.05
3034,-0.06
3035,-0.05
3036,-0.05
3037,-0.05
3038,-0.06
3039,-0.05
3040,-0.05
3041,-0.05
3042,-0.05
3043,-0.05
3044,-0.05
3045,-0.05
3046,-0.06
3047,-0.04
3048,-0.06
3049,-0.05
3050,-0.06
3051,-0.05
3052,-0.04
3053,-0.05
3054,-0.05
3055,-0.05
3056,-0.04
3057,-0.05
3058,-0.06
3059,-0.05
3060,-0.05
3061,-0.05
3062,-0.06
3063,-0.05
3064,-0.05
3065,-0.05
3066,-0.05
3067,-0.05
3068,-0.06
3069,-0.05
3070,-0.05
3071,-0.05
3072,-0.05
3073,-0.05
3074,-0.04
3075,-0.05
3076,-0.06
3077,-0.06
3078,-0.05
3079,-0.05
3080,-0.05
3081,-0.06
3082,-0.06
3083,-0.05
3084,-0.05
3085,-0.05
3086,-0.05
3087,-0.05
3088,-0.05
3089,-0.05
3090,-0.05
3091,-0.06
3092,-0.05
3093,-0.04
3094,-0.05
3095,-0.05
3096,-0.05
3097,-0.05
3098,-0.04
3099,-0.05
3100,-0.06
3101,-0.05
3102,-0.05
3103,-0.05
3104,-0.05
3105,-0.06
3106,-0.05
3107,-0.05
3108,-0.05
3109,-0.06
3110,-0.05
3111,-0.05
3112,-0.05
3113,-0.05
3114,-0.04
3115,-0.05
3116,-0.05
3117,-0.05
3118,-0.05
3119,-0.05
3120,-0.05
3121,-0.06
3122,-0.05
3123,-0.05
3124,-0.05
3125,-0.05
3126,-0.05
3127,-0.06
3128,-0.04
3129,-0.05
3130,-0.05
3131,-0.05
3132,-0.05
3133,-0.05
3134,-0.05
3135,-0.05
3136,-0.05
3137,-0.05
3138,-0.06
3139,-0.06
3140,-0.05
3141,-0.05
3142,-0.05
3143,-0.05
3144,-0.06
3145,-0.05
3146,-0.04
3147,-0.05
3148,-0.05
3149,-0.05
3150,-0.05
3151,-0.04
3152,-0.05
3153,-0.05
3154,-0.05
3155,-0.05
3156,-0.05
3157,-0.06
3158,-0.06
3159,-0.05
3160,-0.05
3161,-0.05
3162,-0.05
3163,-0.05
3164,-0.05
3165,-0.05
3166,-0.05
3167,-0.05
3168,-0.05
3169,-0.05
3170,-0.04
3171,-0.06
3172,-0.05
3173,-0.06
3174,-0.05
3175,-0.05
3176,-0.05
3177,-0.05
3178,-0.05
3179,-0.05
3180,-0.05
3181,-0.06
3182,-0.06
3183,-0.05
3184,-0.05
3185,-0.05
3186,-0.06
3187,-0.05
3188,-0.04
3189,-0.05
3190,-0.06
3191,-0.05
3192,-0.05
3193,-0.05
3194,-0.05
3195,-0.06
3196,-0.05
3197,-0.05
3198,-0.05
3199,-0.06
3200,-0.04
3201,-0.05
3202,-0.05
3203,-0.05
3204,-0.05
3205,-0.05
3206,-0.05
3207,-0.05
3208,-0.06
3209,-0.05
3210,-0.05
3211,-0.05
3212,-0.05
3213,-0.06
3214,-0.06
3215,-0.05
3216,-0.05
3217,-0.06
3218,-0.05
3219,-0.05
3220,-0.05
3221,-0.05
3222,-0.05
3223,-0.05
3224,-0.05
3225,-0.05
3226,-0.05
3227,-0.05
3228,-0.06
3229,-0.05
3230,-0.05
3231,-0.06
3232,-0.06
3233,-0.05
3234,-0.05
3235,-0.05
3236,-0.05
3237,-0.05
3238,-0.05
3239,-0.05
3240,-0.05
3241,-0.05
3242,-0.05
3243,-0.06
3244,-0.06
3245,-0.05
3246,-0.05
3247,-0.06
3248,-0.05
3249,-0.05
3250,-0.05
3251,-0.05
3252,-0.05
3253,-0.05
3254,-0.06
3255,-0.05
3256,-0.05
3257,-0.06
3258,-0.05
3259,-0.05
3260,-0.05
3261,-0.05
3262,-0.04
3263,-0.04
3264,-0.06
3265,-0.05
3266,-0.05
3267,-0.05
3268,-0.05
3269,-0.06
3270,-0.05
3271,-0.05
3272,-0.05
3273,-0.06
3274,-0.05
3275,-0.04
3276,-0.05
3277,-0.05
3278,-0.05
3279,-0.05
3280,-0.05
3281,-0.05
3282,-0.05
3283,-0.06
3284,-0.05
3285,-0.05
3286,-0.05
3287,-0.06
3288,-0.04
3289,-0.04
3290,-0.05
3291,-0.05
3292,-0.05
3293,-0.07
3294,-0.07
3295,-0.06
3296,-0.05
3297,-0.06
3298,-0.05
3299,-0.05
3300,-0.05
3301,-0.02
3302,0.00
3303,-0.02
3304,0.32
3305,0.23
3306,0.05
3307,-0.17
3308,-0.29
3309,-0.26
3310,-0.19
3311,-0.07
3312,-0.12
3313,-0.22
3314,-0.25
3315,-0.19
3316,-0.14
3317,-0.12
3318,-0.13
3319,-0.18
3320,-0.34
3321,-0.27
3322,-0.05
3323,-0.03
3324,-0.17
3325,-0.20
3326,-0.24
3327,-0.24
3328,-0.16
3329,-0.15
3330,-0.19
3331,-0.21
3332,-0.30
3333,-0.39
3334,-0.40
3335,-0.46
3336,-0.49
3337,-0.48
3338,-0.47
3339,-0.47
3340,-0.48
3341,-0.51
3342,-0.54
3343,-0.62
3344,-0.65
3345,-0.66
3346,-0.65
3347,-0.62
3348,-0.59
3349,-0.58
3350,-0.57
3351,-0.62
3352,-0.71
3353,-0.68
3354,-0.65
3355,-0.60
3356,-0.56
3357,-0.52
3358,-0.51
3359,-0.48
3360,-0.42
3361,-0.39
3362,-0.42
3363,-0.47
3364,-0.50
3365,-0.54
3366,-0.55
3367,-0.51
3368,-0.48
3369,-0.47
3370,-0.45
3371,-0.44
3372,-0.41
3373,-0.40
3374,-0.40
3375,-0.45
3376,-0.48
3377,-0.54
3378,-0.56
3379,-0.51
3380,-0.44
3381,-0.35
3382,-0.22
3383,-0.21
3384,-0.25
3385,-0.25
3386,-0.24
3387,-0.24
3388,-0.22
3389,-0.20
3390,-0.20
3391,-0.22
3392,-0.22
3393,-0.20
3394,-0.16
3395,-0.07
3396,0.04
3397,0.10
3398,0.12
3399,0.09
3400,0.02
3401,-0.01
3402,-0.01
3403,-0.03
3404,-0.01
3405,0.02
3406,0.07
3407,0.13
3408,0.17
3409,0.16
3410,0.08
3411,-0.00
3412,-0.09
3413,-0.22
3414,-0.31
3415,-0.37
3416,-0.38
3417,-0.39
3418,-0.43
3419,-0.46
3420,-0.47
3421,-0.52
3422,-0.59
3423,-0.58
3424,-0.48
3425,-0.52
3426,-0.47
3427,-0.42
3428,-0.60
3429,-0.75
3430,-0.70
3431,-0.58
3432,-0.54
3433,-0.55
3434,-0.54
3435,-0.48
3436,-0.40
3437,-0.35
3438,-0.27
3439,-0.24
3440,-0.32
3441,-0.36
3442,-0.30
3443,-0.23
3444,-0.28
3445,-0.27
3446,-0.21
3447,-0.15
3448,-0.16
3449,-0.12
3450,-0.14
3451,-0.10
3452,-0.10
3453,-0.09
3454,-0.04
3455,0.08
3456,0.13
3457,0.22
3458,0.25
3459,0.24
3460,0.22
3461,0.24
3462,0.33
3463,0.44
3464,0.57
3465,0.62
3466,0.58
3467,0.58
3468,0.60
3469,0.54
3470,0.56
3471,0.55
3472,0.57
3473,0.69
3474,0.72
3475,0.70
3476,0.70
3477,0.71
3478,0.65
3479,0.66
3480,0.70
3481,0.79
3482,0.86
3483,0.92
3484,0.91
3485,0.95
3486,0.91
3487,0.88
3488,0.87
3489,0.89
3490,0.90
3491,0.93
3492,0.88
3493,0.87
3494,0.86
3495,0.91
3496,0.83
3497,0.83
3498,0.85
3499,0.87
3500,0.88
3501,0.89
3502,0.85
3503,0.81
3504,0.75
3505,0.66
3506,0.62
3507,0.60
3508,0.60
3509,0.53
3510,0.46
3511,0.43
3512,0.44
3513,0.44
3514,0.47
3515,0.48
3516,0.39
3517,0.36
3518,0.41
3519,0.48
3520,0.47
3521,0.39
3522,0.34
3523,0.28
3524,0.24
3525,0.16
3526,0.21
3527,0.35
3528,0.40
3529,0.36
3530,0.25
3531,0.19
3532,0.13
3533,0.08
3534,0.03
3535,-0.09
3536,-0.11
3537,-0.12
3538,-0.10
3539,-0.13
3540,-0.14
3541,-0.16
3542,-0.12
3543,-0.12
3544,-0.12
3545,-0.09
3546,-0.07
3547,-0.11
3548,-0.15
3549,-0.17
3550,-0.15
3551,-0.12
3552,-0.11
3553,-0.11
3554,-0.10
3555,-0.08
3556,-0.04
3557,-0.02
3558,-0.13
3559,-0.12
3560,-0.21
3561,-0.19
3562,-0.27
3563,-0.31
3564,-0.21
3565,-0.19
3566,-0.18
3567,-0.17
3568,-0.16
3569,-0.23
3570,-0.24
3571,-0.24
3572,-0.21
3573,-0.06
3574,0.03
3575,-0.00
3576,-0.06
3577,-0.13
3578,-0.11
3579,-0.12
3580,-0.08
3581,-0.05
3582,-0.04
3583,0.01
3584,0.04
3585,0.12
3586,0.16
3587,0.18
3588,0.18
3589,0.07
3590,-0.05
3591,-0.11
3592,-0.16
3593,-0.10
3594,-0.08
3595,-0.09
3596,-0.06
3597,-0.04
3598,-0.04
3599,-0.06
3600,-0.12
3601,-0.11
3602,-0.02
3603,0.05
3604,0.06
3605,0.19
3606,0.23
3607,0.17
3608,0.12
3609,0.08
3610,-0.00
3611,-0.10
3612,-0.14
3613,-0.15
3614,-0.16
3615,-0.05
3616,0.12
3617,0.12
3618,-0.00
3619,-0.02
3620,-0.01
3621,-0.04
3622,-0.11
3623,-0.15
3624,-0.15
3625,-0.13
3626,-0.05
3627,0.02
3628,-0.01
3629,-0.01
3630,-0.03
3631,-0.03
3632,-0.03
3633,-0.01
3634,0.02
3635,0.02
3636,-0.02
3637,-0.08
3638,-0.11
3639,-0.04
3640,-0.05
3641,-0.02
3642,-0.02
3643,-0.02
3644,-0.12
3645,-0.11
3646,-0.10
3647,-0.13
3648,-0.17
3649,-0.09
3650,-0.05
3651,-0.01
3652,-0.01
3653,-0.01
3654,-0.01
3655,-0.03
3656,-0.06
3657,-2.01
3658,-0.14
3659,-0.10
3660,-0.20
3661,0.12
3662,-0.01
3663,-0.01
3664,0.01
3665,0.00
3666,-0.00
3667,-0.06
3668,-0.04
3669,-0.02
3670,-0.24
3671,0.03
3672,0.20
3673,-0.05
3674,-0.06
3675,-0.32
3676,-0.21
3677,-0.12
3678,-0.06
3679,0.10
3680,0.05
3681,-0.04
3682,-0.01
3683,0.00
3684,-0.03
3685,-0.04
3686,-0.02
3687,-0.03
3688,0.06
3689,-0.09
3690,-0.12
3691,-0.03
3692,-0.04
3693,-0.03
3694,-0.03
3695,-0.03
3696,-0.02
3697,-0.02
3698,-0.04
3699,-0.04
3700,-0.03
3701,-0.03
3702,-0.04
3703,-0.04
3704,-0.02
3705,-0.04
3706,-0.03
3707,-0.04
3708,-0.04
3709,-0.02
3710,-0.03
3711,-0.04
3712,-0.03
3713,-0.03
3714,-0.02
3715,-0.03
3716,-0.04
3717,-0.04
3718,-0.03
3719,-0.03
3720,-0.04
3721,-0.04
3722,-0.03
3723,-0.03
3724,-0.04
3725,-0.03
3726,-0.03
3727,-0.03
3728,-0.03
3729,-0.02
3730,-0.05
3731,-0.03
3732,-0.02
3733,-0.02
3734,-0.03
3735,-0.01
3736,-0.03
3737,-0.02
3738,-0.03
3739,-0.04
3740,-0.03
3741,-0.02
3742,-0.03
3743,-0.03
3744,-0.03
3745,-0.03
3746,-0.03
3747,-0.03
3748,-0.03
3749,-0.02
3750,-0.03
3751,-0.03
3752,-0.03
3753,-0.03
3754,-0.02
3755,-0.04
3756,-0.03
3757,-0.03
3758,-0.02
3759,-0.03
3760,-0.04
3761,-0.04
3762,-0.03
3763,-0.03
3764,-0.04
3765,-0.03
3766,-0.03
3767,-0.02
3768,-0.03
3769,-0.04
3770,-0.03
3771,-0.03
3772,-0.03
3773,-0.03
3774,-0.03
3775,-0.03
3776,-0.03
3777,-0.03
3778,-0.04
3779,-0.03
3780,-0.03
3781,-0.04
3782,-0.03
3783,-0.04
3784,-0.03
3785,-0.02
3786,-0.03
3787,-0.03
3788,-0.03
3789,-0.03
3790,-0.03
3791,-0.02
3792,0.04
3793,0.08
3794,0.04
3795,-0.14
3796,0.04
3797,-0.32
3798,-0.11
3799,-0.08
3800,0.18
3801,0.08
3802,0.00
3803,0.03
3804,0.03
3805,0.08
3806,0.09
3807,0.09
3808,0.04
3809,0.03
3810,0.06
3811,0.06
3812,0.03
3813,0.03
3814,0.03
3815,-0.00
3816,0.01
3817,-0.00
3818,0.02
3819,0.06
3820,0.05
3821,0.03
3822,0.01
3823,0.00
3824,-0.03
3825,-0.06
3826,-0.07
3827,-0.11
3828,-0.14
3829,-0.12
3830,-0.09
3831,-0.14
3832,-0.21
3833,-0.25
3834,-0.28
3835,-0.29
3836,-0.29
3837,-0.28
3838,-0.24
3839,-0.32
3840,-0.36
3841,-0.32
3842,-0.30
3843,-0.33
3844,-0.44
3845,-0.48
3846,-0.50
3847,-0.45
3848,-0.41
3849,-0.41
3850,-0.55
3851,-0.50
3852,-0.47
3853,-0.54
3854,-0.65
3855,-0.65
3856,-0.65
3857,-0.62
3858,-0.65
3859,-0.69
3860,-0.76
3861,-0.89
3862,-0.93
3863,-0.86
3864,-0.83
3865,-0.83
3866,-0.79
3867,-0.77
3868,-0.79
3869,-0.81
3870,-0.84
3871,-0.85
3872,-0.83
3873,-0.80
3874,-0.82
3875,-0.79
3876,-0.77
3877,-0.76
3878,-0.76
3879,-0.77
3880,-0.76
3881,-0.79
3882,-0.46
3883,-0.77
3884,-0.79
3885,-0.81
3886,-0.82
3887,-0.82
3888,-0.84
3889,-0.81
3890,-0.85
3891,-0.82
3892,-0.78
3893,-0.74
3894,-0.68
3895,-0.71
3896,-0.62
3897,-0.68
3898,-0.70
3899,-0.67
3900,-0.60
3901,-0.57
3902,-0.52
3903,-0.58
3904,-0.60
3905,-0.62
3906,-0.56
3907,-0.58
3908,-0.54
3909,-0.49
3910,-0.44
3911,-0.41
3912,-0.44
3913,-0.44
3914,-0.47
3915,-0.46
3916,-0.40
3917,-0.35
3918,-0.33
3919,-0.32
3920,-0.29
3921,-0.28
3922,-0.27
3923,-0.27
3924,-0.25
3925,-0.24
3926,-0.23
3927,-0.22
3928,-0.22
3929,-0.21
3930,-0.19
3931,-0.17
3932,-0.18
3933,-0.19
3934,-0.21
3935,-0.24
3936,-0.21
3937,-0.19
3938,-0.17
3939,-0.15
3940,-0.12
3941,-0.07
3942,-0.08
3943,-0.06
3944,-0.07
3945,-0.13
3946,-0.15
3947,-0.16
3948,-0.19
3949,-0.18
3950,-0.13
3951,-0.12
3952,-0.14
3953,-0.13
3954,-0.14
3955,-0.10
3956,-0.09
3957,-0.16
3958,-0.18
3959,-0.23
3960,-0.19
3961,-0.20
3962,-0.20
3963,-0.16
3964,-0.16
3965,-0.19
3966,-0.16
3967,-0.20
3968,-0.22
3969,-0.21
3970,-0.17
3971,-0.18
3972,-0.18
3973,-0.16
3974,-0.21
3975,-0.24
3976,-0.22
3977,-0.22
3978,-0.22
3979,-0.23
3980,-0.21
3981,-0.19
3982,-0.23
3983,-0.24
3984,-0.26
3985,-0.22
3986,-0.16
3987,-0.19
3988,-0.28
3989,-0.36
3990,-0.41
3991,-0.41
3992,-0.43
3993,-0.47
3994,-0.41
3995,-0.52
3996,-0.62
3997,-0.70
3998,-0.78
3999,-0.81
4000,-0.79
4001,-0.78
4002,-0.77
4003,-0.75
4004,-0.79
4005,-0.84
4006,-0.88
4007,-0.95
4008,-1.04
4009,-0.96
4010,-0.97
4011,-1.01
4012,-0.93
4013,-0.92
4014,-0.93
4015,-0.89
4016,-0.93
4017,-0.97
4018,-1.02
4019,-1.07
4020,-1.05
4021,-1.01
4022,-0.99
4023,-0.93
4024,-0.94
4025,-0.97
4026,-0.98
4027,-0.99
4028,-0.96
4029,-0.95
4030,-0.98
4031,-1.02
4032,-1.01
4033,-1.05
4034,-1.02
4035,-1.01
4036,-1.01
4037,-1.02
4038,-0.97
4039,-0.98
4040,-0.97
4041,-0.95
4042,-0.98
4043,-0.98
4044,-0.97
4045,-0.97
4046,-1.01
4047,-1.03
4048,-1.05
4049,-1.00
4050,-0.98
4051,-0.97
4052,-0.97
4053,-0.98
4054,-1.00
4055,-1.03
4056,-1.07
4057,-1.03
4058,-1.00
4059,-0.98
4060,-1.01
4061,-1.04
4062,-1.03
4063,-1.00
4064,-0.99
4065,-1.02
4066,-1.05
4067,-1.05
4068,-0.97
4069,-0.94
4070,-0.93
4071,-0.94
4072,-1.01
4073,-1.00
4074,-0.98
4075,-0.96
4076,-0.98
4077,-1.00
4078,-0.98
4079,-0.97
4080,-0.99
4081,-1.04
4082,-0.99
4083,-0.98
4084,-0.99
4085,-1.04
4086,-1.06
4087,-1.03
4088,-1.02
4089,-1.01
4090,-1.00
4091,-0.98
4092,-0.98
4093,-1.04
4094,-1.06
4095,-1.09
4096,-1.09
4097,-1.11
4098,-1.09
4099,-1.04
4100,-0.93
4101,-0.89
4102,-0.94
4103,-0.99
4104,-1.04
4105,-1.05
4106,-1.01
4107,-1.00
4108,-1.04
4109,-1.03
4110,-1.05
4111,-1.07
4112,-1.02
4113,-1.01
4114,-1.02
4115,-0.96
4116,-0.96
4117,-1.03
4118,-1.08
4119,-1.12
4120,-1.11
4121,-1.00
4122,-1.01
4123,-0.98
4124,-0.86
4125,-0.85
4126,-0.90
4127,-0.91
4128,-0.96
4129,-0.88
4130,-0.83
4131,-0.77
4132,-0.68
4133,-0.55
4134,-0.52
4135,-0.54
4136,-0.49
4137,-0.57
4138,-0.53
4139,-0.43
4140,-0.28
4141,-0.13
4142,0.02
4143,0.01
4144,-0.09
4145,-0.13
4146,-0.10
4147,0.00
4148,0.09
4149,0.16
4150,0.17
4151,0.30
4152,0.50
4153,0.65
4154,0.70
4155,0.75
4156,0.72
4157,0.70
4158,0.79
4159,0.83
4160,0.96
4161,1.11
4162,1.10
4163,1.01
4164,0.96
4165,0.94
4166,0.98
4167,1.03
4168,1.06
4169,1.05
4170,1.10
4171,1.11
4172,1.13
4173,1.17
4174,1.10
4175,1.09
4176,1.06
4177,1.07
4178,1.09
4179,1.09
4180,1.04
4181,1.06
4182,1.05
4183,1.04
4184,1.04
4185,0.98
4186,0.94
4187,0.95
4188,0.95
4189,0.96
4190,0.96
4191,0.94
4192,0.95
4193,0.93
4194,0.89
4195,0.87
4196,0.88
4197,0.90
4198,0.91
4199,0.92
4200,0.93
4201,0.97
4202,0.95
4203,0.95
4204,0.95
4205,0.97
4206,0.96
4207,0.98
4208,0.96
4209,0.96
4210,0.96
4211,0.99
4212,0.98
4213,1.01
4214,1.03
4215,1.05
4216,1.02
4217,0.96
4218,0.93
4219,0.93
4220,0.91
4221,0.92
4222,0.92
4223,0.93
4224,0.93
4225,0.93
4226,0.95
4227,0.96
4228,0.96
4229,0.95
4230,0.94
4231,0.94
4232,0.94
4233,0.93
4234,0.93
4235,0.93
4236,0.92
4237,0.92
4238,0.90
4239,0.91
4240,0.91
4241,0.93
4242,0.92
4243,0.92
4244,0.90
4245,0.91
4246,0.92
4247,0.93
4248,0.93
4249,0.91
4250,0.92
4251,0.93
4252,0.94
4253,0.93
4254,0.92
4255,0.92
4256,0.93
4257,0.94
4258,0.97
4259,0.98
4260,0.98
4261,0.96
4262,0.96
4263,0.93
4264,0.94
4265,0.94
4266,0.95
4267,0.97
4268,0.96
4269,0.94
4270,0.93
4271,0.93
4272,0.92
4273,0.92
4274,0.94
4275,0.94
4276,0.94
4277,0.92
4278,0.92
4279,0.92
4280,0.92
4281,0.92
4282,0.92
4283,0.94
4284,0.93
4285,0.93
4286,0.93
4287,0.93
4288,0.91
4289,0.91
4290,0.92
4291,0.93
4292,0.92
4293,0.91
4294,0.90
4295,0.90
4296,0.89
4297,0.91
4298,0.93
4299,0.93
4300,0.93
4301,0.91
4302,0.92
4303,0.88
4304,0.88
4305,0.84
4306,0.96
4307,0.92
4308,0.92
4309,0.99
4310,1.04
4311,0.99
4312,1.00
4313,0.96
4314,0.92
4315,0.92
4316,0.91
4317,0.91
4318,0.91
4319,0.93
4320,0.95
4321,0.93
4322,0.95
4323,0.96
4324,0.97
4325,1.01
4326,1.04
4327,1.04
4328,1.02
4329,0.98
4330,0.93
4331,0.92
4332,0.89
4333,0.92
4334,0.96
4335,0.93
4336,0.91
4337,0.93
4338,0.93
4339,0.94
4340,0.96
4341,0.97
4342,0.95
4343,0.92
4344,0.91
4345,0.90
4346,0.88
4347,0.89
4348,0.88
4349,0.86
4350,0.87
4351,0.84
4352,0.87
4353,0.88
4354,0.88
4355,0.89
4356,0.90
4357,0.89
4358,0.93
4359,0.97
4360,0.97
4361,0.98
4362,0.98
4363,0.99
4364,0.97
4365,0.94
4366,0.91
4367,0.91
4368,0.92
4369,0.92
4370,0.90
4371,0.91
4372,0.94
4373,0.94
4374,0.92
4375,0.92
4376,0.95
4377,0.97
4378,0.98
4379,0.97
4380,0.96
4381,0.96
4382,0.97
4383,0.99
4384,0.99
4385,1.02
4386,1.02
4387,1.02
4388,1.02
4389,0.95
4390,1.00
4391,0.97
4392,0.96
4393,0.96
4394,0.96
4395,0.94
4396,0.92
4397,0.92
4398,0.95
4399,0.96
4400,0.93
4401,0.91
4402,0.91
4403,0.92
4404,0.92
4405,0.93
4406,0.95
4407,0.95
4408,0.95
4409,0.93
4410,0.94
4411,0.93
4412,0.93
4413,0.92
4414,0.90
4415,0.88
4416,0.87
4417,0.89
4418,0.90
4419,0.92
4420,0.92
4421,0.92
4422,0.91
4423,0.91
4424,0.91
4425,0.91
4426,0.93
4427,0.91
4428,0.92
4429,0.89
4430,0.89
4431,0.89
4432,0.89
4433,0.90
4434,0.92
4435,0.93
4436,0.93
4437,0.91
4438,0.91
4439,0.89
4440,0.90
4441,0.91
4442,0.92
4443,0.91
4444,0.92
4445,0.91
4446,0.92
4447,0.91
4448,0.92
4449,0.92
4450,0.91
4451,0.92
4452,0.91
4453,0.93
4454,0.91
4455,0.92
4456,0.89
4457,0.90
4458,0.92
4459,0.93
4460,0.93
4461,0.92
4462,0.92
4463,0.96
4464,1.00
4465,1.02
4466,1.05
4467,1.06
4468,1.07
4469,1.08
4470,0.86
4471,1.08
4472,1.10
4473,1.09
4474,1.04
4475,0.98
4476,0.94
4477,0.91
4478,0.90
4479,0.88
4480,0.83
4481,0.82
4482,0.85
4483,0.95
4484,0.86
4485,0.76
4486,0.71
4487,0.62
4488,0.52
4489,0.48
4490,0.64
4491,0.46
4492,0.37
4493,0.29
4494,0.20
4495,0.18
4496,0.20
4497,0.13
4498,0.05
4499,0.07
4500,0.00
4501,0.05
4502,0.07
4503,-0.09
4504,-0.20
4505,-0.30
4506,-0.43
4507,-0.48
4508,-0.39
4509,-0.31
4510,-0.31
4511,-0.36
4512,-0.37
4513,-0.40
4514,-0.45
4515,-0.52
4516,-0.55
4517,-0.53
4518,-0.52
4519,-0.65
4520,-0.83
4521,-0.89
4522,-0.68
4523,-0.89
4524,-1.01
4525,-0.88
4526,-0.80
4527,-0.86
4528,-0.93
4529,-0.75
4530,-0.68
4531,-0.83
4532,-0.93
4533,-0.90
4534,-0.89
4535,-1.00
4536,-0.99
4537,-0.88
4538,-0.74
4539,-0.71
4540,-0.65
4541,-0.87
4542,-0.89
4543,-0.93
4544,-1.09
4545,-1.02
4546,-1.01
4547,-0.92
4548,-0.94
4549,-0.93
4550,-0.91
4551,-0.94
4552,-0.94
4553,-0.97
4554,-1.06
4555,-1.11
4556,-1.07
4557,-1.00
4558,-0.96
4559,-0.86
4560,-0.84
4561,-0.90
4562,-0.92
4563,-0.96
4564,-0.94
4565,-0.89
4566,-0.81
4567,-0.75
4568,-0.78
4569,-0.72
4570,-0.68
4571,-0.65
4572,-0.62
4573,-0.59
4574,-0.55
4575,-0.55
4576,-0.57
4577,-0.52
4578,-0.49
4579,-0.46
4580,-0.48
4581,-0.64
4582,-0.65
4583,-0.62
4584,-0.65
4585,-0.61
4586,-0.61
4587,-0.63
4588,-0.65
4589,-0.64
4590,-0.57
4591,-0.54
4592,-0.51
4593,-0.46
4594,-0.46
4595,-0.44
4596,-0.40
4597,-0.44
4598,-0.44
4599,-0.41
4600,-0.33
4601,-0.34
4602,-0.42
4603,-0.42
4604,-0.36
4605,-0.32
4606,-0.30
4607,-0.27
4608,-0.22
4609,-0.16
4610,-0.12
4611,-0.10
4612,-0.04
4613,-0.05
4614,-0.02
4615,0.03
4616,-0.00
4617,0.02
4618,0.04
4619,-0.02
4620,-0.02
4621,-0.00
4622,0.02
4623,0.07
4624,0.19
4625,0.21
4626,0.10
4627,0.11
4628,0.03
4629,-0.04
4630,-0.04
4631,-0.06
4632,0.00
4633,-0.07
4634,-0.25
4635,-0.27
4636,-0.30
4637,-0.16
4638,-0.06
4639,0.04
4640,-0.03
4641,0.02
4642,-0.05
4643,-0.04
4644,-0.08
4645,-0.03
4646,0.03
4647,0.01
4648,-0.08
4649,-0.07
4650,-0.10
4651,-0.10
4652,-0.11
4653,-0.09
4654,-0.09
4655,-0.08
4656,-0.08
4657,-0.10
4658,-0.10
4659,-0.09
4660,-0.08
4661,-0.09
4662,-0.10
4663,-0.09
4664,-0.09
4665,-0.10
4666,-0.10
4667,-0.09
4668,-0.08
4669,-0.10
4670,-0.11
4671,-0.09
4672,-0.08
4673,-0.08
4674,-0.10
4675,-0.10
4676,-0.09
4677,-0.07
4678,-0.09
4679,-0.10
4680,-0.10
4681,-0.09
4682,-0.09
4683,-0.10
4684,-0.10
4685,-0.10
4686,-0.09
4687,-0.09
4688,-0.11
4689,-0.11
4690,-0.09
4691,-0.10
4692,-0.11
4693,-0.09
4694,-0.08
4695,-0.09
4696,-0.09
4697,-0.11
4698,-0.08
4699,-0.08
4700,-0.10
4701,-0.10
4702,-0.09
4703,-0.08
4704,-0.08
4705,-0.10
4706,-0.11
4707,-0.09
4708,-0.08
4709,-0.08
4710,-0.10
4711,-0.09
4712,-0.09
4713,-0.09
4714,-0.09
4715,-0.11
4716,-0.10
4717,-0.08
4718,-0.09
4719,-0.11
4720,-0.09
4721,-0.09
4722,-0.09
4723,-0.09
4724,-0.08
4725,-0.09
4726,-0.10
4727,-0.11
4728,-0.09
4729,-0.09
4730,-0.09
4731,-0.10
4732,-0.08
4733,-0.08
4734,-0.09
4735,-0.10
4736,-0.09
4737,-0.08
4738,-0.08
4739,-0.10
4740,-0.09
4741,-0.09
4742,-0.08
4743,-0.10
4744,-0.10
4745,-0.07
4746,-0.10
4747,-0.09
4748,-0.09
4749,-0.09
4750,-0.09
4751,-0.08
4752,-0.11
4753,-0.08
4754,-0.09
4755,-0.11
4756,-0.09
4757,-0.09
4758,-0.09
4759,-0.09
4760,-0.09
4761,-0.09
4762,-0.11
4763,-0.11
4764,-0.09
4765,-0.08
4766,-0.11
4767,-0.09
4768,-0.09
4769,-0.10
4770,-0.10
4771,-0.08
4772,-0.09
4773,-0.11
4774,-0.08
4775,-0.08
4776,-0.09
4777,-0.11
4778,-0.10
4779,-0.10
4780,-0.08
4781,-0.09
4782,-0.09
4783,-0.10
4784,-0.11
4785,-0.10
4786,-0.08
4787,-0.11
4788,-0.10
4789,-0.09
4790,-0.08
4791,-0.10
4792,-0.08
4793,-0.08
4794,-0.09
4795,-0.09
4796,-0.09
4797,-0.08
4798,-0.09
4799,-0.08
4800,-0.10
4801,-0.08
4802,-0.09
4803,-0.10
4804,-0.10
4805,-0.09
4806,-0.09
4807,-0.08
4808,-0.09
4809,-0.10
4810,-0.10
4811,-0.09
4812,-0.09
4813,-0.09
4814,-0.10
4815,-0.09
4816,-0.09
