timestamp,iso_timestamp,record_number,operation_mode,state,ax,ay,az,pitch,roll,gx,gy,gz,latitude,longitude,gps_altitude,gps_time,pressure,temperature,agl_altitude,velocity,pyro1_state,pyro2_state,battery_voltage,wifi_rssi,kalman_altitude,kalman_vertical_velocity,communication_mode,raw_data
1768313448.163353,2026-01-13T17:10:48.163353,0,0,0,-0.49,0.07,0.54,-36.3,-3,-4.9,2.4,2.8,-1.2921,36.8219,1658.5,11886,857.98,26.2,0,0,0,0,14.8,-43,0.11,-0.09,BLUETOOTH-SIMULATED,"{""record_number"": 0, ""operation_mode"": 0, ""state"": 0, ""battery_voltage"": 14.8, ""wifi_rssi"": -43, ""acc_data"": {""ax"": -0.49, ""ay"": 0.07, ""az"": 0.54, ""pitch"": -36.3, ""roll"": -3}, ""gyro_data"": {""gx"": -4.9, ""gy"": 2.4, ""gz"": 2.8}, ""gps_data"": {""latitude"": -1.2921, ""longitude"": 36.8219, ""gps_altitude"": 1658.5, ""time"": 11886}, ""alt_data"": {""pressure"": 857.98, ""temperature"": 26.2, ""AGL"": 0, ""velocity"": 0, ""kalman_altitude"": 0.11, ""kalman_vertical_velocity"": -0.09}, ""chute_state"": {""pyro1_state"": 0, ""pyro2_state"": 0}, ""connection_status"": {""connected"": true, ""has_ever_connected"": true, ""packet_age_ms"": 0, ""timeout_exceeded"": false, ""rssi"": -43}, ""communication_mode"": ""BLUETOOTH-SIMULATED"", ""timestamp"": 11886, ""packets_received"": 95, ""kalman_data"": {""altitude"": 0.11, ""vertical_velocity"": -0.09}, ""kalman_altitude"": 0.11, ""kalman_vertical_velocity"": -0.09, ""pyroDrogue"": 0, ""pyroMain"": 0, ""pyro1_state"": 0, ""pyro2_state"": 0}"
1768313448.236767,2026-01-13T17:10:48.236767,0,0,0,-0.69,0.09,0.63,-36.3,-1.1,-0.5,2.2,-4.1,-1.2921,36.8219,1658.7,11999,858.02,27.1,0,0,0,0,14.8,-49,0.35,0,BLUETOOTH-SIMULATED,"{""record_number"": 0, ""operation_mode"": 0, ""state"": 0, ""battery_voltage"": 14.8, ""wifi_rssi"": -49, ""acc_data"": {""ax"": -0.69, ""ay"": 0.09, ""az"": 0.63, ""pitch"": -36.3, ""roll"": -1.1}, ""gyro_data"": {""gx"": -0.5, ""gy"": 2.2, ""gz"": -4.1}, ""gps_data"": {""latitude"": -1.2921, ""longitude"": 36.8219, ""gps_altitude"": 1658.7, ""time"": 11999}, ""alt_data"": {""pressure"": 858.02, ""temperature"": 27.1, ""AGL"": 0, ""velocity"": 0, ""kalman_altitude"": 0.35, ""kalman_vertical_velocity"": 0}, ""chute_state"": {""pyro1_state"": 0, ""pyro2_state"": 0}, ""connection_status"": {""connected"": true, ""has_ever_connected"": true, ""packet_age_ms"": 0, ""timeout_exceeded"": false, ""rssi"": -49}, ""communication_mode"": ""BLUETOOTH-SIMULATED"", ""timestamp"": 11999, ""packets_received"": 96, ""kalman_data"": {""altitude"": 0.35, ""vertical_velocity"": 0}, ""kalman_altitude"": 0.35, ""kalman_vertical_velocity"": 0, ""pyroDrogue"": 0, ""pyroMain"": 0, ""pyro1_state"": 0, ""pyro2_state"": 0}"
1768313448.319532,2026-01-13T17:10:48.319532,0,0,0,-0.77,-0.06,0.78,-36.7,-2.9,2.7,3.3,-1.9,-1.2921,36.8219,1660.8,12112,857.9,26.4,0,0,0,0,14.8,-48,0.21,0.09,BLUETOOTH-SIMULATED,"{""record_number"": 0, ""operation_mode"": 0, ""state"": 0, ""battery_voltage"": 14.8, ""wifi_rssi"": -48, ""acc_data"": {""ax"": -0.77, ""ay"": -0.06, ""az"": 0.78, ""pitch"": -36.7, ""roll"": -2.9}, ""gyro_data"": {""gx"": 2.7, ""gy"": 3.3, ""gz"": -1.9}, ""gps_data"": {""latitude"": -1.2921, ""longitude"": 36.8219, ""gps_altitude"": 1660.8, ""time"": 12112}, ""alt_data"": {""pressure"": 857.9, ""temperature"": 26.4, ""AGL"": 0, ""velocity"": 0, ""kalman_altitude"": 0.21, ""kalman_vertical_velocity"": 0.09}, ""chute_state"": {""pyro1_state"": 0, ""pyro2_state"": 0}, ""connection_status"": {""connected"": true, ""has_ever_connected"": true, ""packet_age_ms"": 0, ""timeout_exceeded"": false, ""rssi"": -48}, ""communication_mode"": ""BLUETOOTH-SIMULATED"", ""timestamp"": 12112, ""packets_received"": 97, ""kalman_data"": {""altitude"": 0.21, ""vertical_velocity"": 0.09}, ""kalman_altitude"": 0.21, ""kalman_vertical_velocity"": 0.09, ""pyroDrogue"": 0, ""pyroMain"": 0, ""pyro1_state"": 0, ""pyro2_state"": 0}"
1768313448.524528,2026-01-13T17:10:48.524528,0,0,0,-0.56,0,0.66,-35.1,-2.9,2.7,3.2,2.7,-1.2921,36.8219,1660.5,12225,858.04,26.4,0,0,0,0,14.8,-50,0.45,-0.01,BLUETOOTH-SIMULATED,"{""record_number"": 0, ""operation_mode"": 0, ""state"": 0, ""battery_voltage"": 14.8, ""wifi_rssi"": -50, ""acc_data"": {""ax"": -0.56, ""ay"": 0, ""az"": 0.66, ""pitch"": -35.1, ""roll"": -2.9}, ""gyro_data"": {""gx"": 2.7, ""gy"": 3.2, ""gz"": 2.7}, ""gps_data"": {""latitude"": -1.2921, ""longitude"": 36.8219, ""gps_altitude"": 1660.5, ""time"": 12225}, ""alt_data"": {""pressure"": 858.04, ""temperature"": 26.4, ""AGL"": 0, ""velocity"": 0, ""kalman_altitude"": 0.45, ""kalman_vertical_velocity"": -0.01}, ""chute_state"": {""pyro1_state"": 0, ""pyro2_state"": 0}, ""connection_status"": {""connected"": true, ""has_ever_connected"": true, ""packet_age_ms"": 0, ""timeout_exceeded"": false, ""rssi"": -50}, ""communication_mode"": ""BLUETOOTH-SIMULATED"", ""timestamp"": 12225, ""packets_received"": 98, ""kalman_data"": {""altitude"": 0.45, ""vertical_velocity"": -0.01}, ""kalman_altitude"": 0.45, ""kalman_vertical_velocity"": -0.01, ""pyroDrogue"": 0, ""pyroMain"": 0, ""pyro1_state"": 0, ""pyro2_state"": 0}"
1768313448.762125,2026-01-13T17:10:48.762125,0,0,0,-0.42,0.01,0.83,-35.8,-1.5,-4.4,1.3,-2.4,-1.2921,36.8219,1665.3,12338,858.02,26.5,0,0,0,0,14.8,-45,-0.24,0.09,BLUETOOTH-SIMULATED,"{""record_number"": 0, ""operation_mode"": 0, ""state"": 0, ""battery_voltage"": 14.8, ""wifi_rssi"": -45, ""acc_data"": {""ax"": -0.42, ""ay"": 0.01, ""az"": 0.83, ""pitch"": -35.8, ""roll"": -1.5}, ""gyro_data"": {""gx"": -4.4, ""gy"": 1.3, ""gz"": -2.4}, ""gps_data"": {""latitude"": -1.2921, ""longitude"": 36.8219, ""gps_altitude"": 1665.3, ""time"": 12338}, ""alt_data"": {""pressure"": 858.02, ""temperature"": 26.5, ""AGL"": 0, ""velocity"": 0, ""kalman_altitude"": -0.24, ""kalman_vertical_velocity"": 0.09}, ""chute_state"": {""pyro1_state"": 0, ""pyro2_state"": 0}, ""connection_status"": {""connected"": true, ""has_ever_connected"": true, ""packet_age_ms"": 0, ""timeout_exceeded"": false, ""rssi"": -45}, ""communication_mode"": ""BLUETOOTH-SIMULATED"", ""timestamp"": 12338, ""packets_received"": 99, ""kalman_data"": {""altitude"": -0.24, ""vertical_velocity"": 0.09}, ""kalman_altitude"": -0.24, ""kalman_vertical_velocity"": 0.09, ""pyroDrogue"": 0, ""pyroMain"": 0, ""pyro1_state"": 0, ""pyro2_state"": 0}"
1768313448.846481,2026-01-13T17:10:48.846481,0,0,0,-0.76,-0.09,0.53,-35.2,-2.8,4.1,2.2,4.9,-1.2921,36.8219,1662.8,12451,857.94,26.9,0,0,0,0,14.8,-48,0.2,0.16,BLUETOOTH-SIMULATED,"{""record_number"": 0, ""operation_mode"": 0, ""state"": 0, ""battery_voltage"": 14.8, ""wifi_rssi"": -48, ""acc_data"": {""ax"": -0.76, ""ay"": -0.09, ""az"": 0.53, ""pitch"": -35.2, ""roll"": -2.8}, ""gyro_data"": {""gx"": 4.1, ""gy"": 2.2, ""gz"": 4.9}, ""gps_data"": {""latitude"": -1.2921, ""longitude"": 36.8219, ""gps_altitude"": 1662.8, ""time"": 12451}, ""alt_data"": {""pressure"": 857.94, ""temperature"": 26.9, ""AGL"": 0, ""velocity"": 0, ""kalman_altitude"": 0.2, ""kalman_vertical_velocity"": 0.16}, ""chute_state"": {""pyro1_state"": 0, ""pyro2_state"": 0}, ""connection_status"": {""connected"": true, ""has_ever_connected"": true, ""packet_age_ms"": 0, ""timeout_exceeded"": false, ""rssi"": -48}, ""communication_mode"": ""BLUETOOTH-SIMULATED"", ""timestamp"": 12451, ""packets_received"": 100, ""kalman_data"": {""altitude"": 0.2, ""vertical_velocity"": 0.16}, ""kalman_altitude"": 0.2, ""kalman_vertical_velocity"": 0.16, ""pyroDrogue"": 0, ""pyroMain"": 0, ""pyro1_state"": 0, ""pyro2_state"": 0}"
1768313448.934483,2026-01-13T17:10:48.934483,0,0,0,-0.59,-0.2,0.87,-35.4,-2.4,0.5,-2.2,3.7,-1.2921,36.8219,1662.4,12564,858.08,26.6,0,0,0,0,14.8,-50,0.17,-0.02,BLUETOOTH-SIMULATED,"{""record_number"": 0, ""operation_mode"": 0, ""state"": 0, ""battery_voltage"": 14.8, ""wifi_rssi"": -50, ""acc_data"": {""ax"": -0.59, ""ay"": -0.2, ""az"": 0.87, ""pitch"": -35.4, ""roll"": -2.4}, ""gyro_data"": {""gx"": 0.5, ""gy"": -2.2, ""gz"": 3.7}, ""gps_data"": {""latitude"": -1.2921, ""longitude"": 36.8219, ""gps_altitude"": 1662.4, ""time"": 12564}, ""alt_data"": {""pressure"": 858.08, ""temperature"": 26.6, ""AGL"": 0, ""velocity"": 0, ""kalman_altitude"": 0.17, ""kalman_vertical_velocity"": -0.02}, ""chute_state"": {""pyro1_state"": 0, ""pyro2_state"": 0}, ""connection_status"": {""connected"": true, ""has_ever_connected"": true, ""packet_age_ms"": 0, ""timeout_exceeded"": false, ""rssi"": -50}, ""communication_mode"": ""BLUETOOTH-SIMULATED"", ""timestamp"": 12564, ""packets_received"": 101, ""kalman_data"": {""altitude"": 0.17, ""vertical_velocity"": -0.02}, ""kalman_altitude"": 0.17, ""kalman_vertical_velocity"": -0.02, ""pyroDrogue"": 0, ""pyroMain"": 0, ""pyro1_state"": 0, ""pyro2_state"": 0}"
1768313449.025484,2026-01-13T17:10:49.025484,0,0,0,-0.5,-0.15,0.81,-36.9,-2.2,-5,1.5,-1.7,-1.2921,36.8219,1656.3,12677,858.01,26.7,0,0,0,0,14.8,-43,0.16,-0.3,BLUETOOTH-SIMULATED,"{""record_number"": 0, ""operation_mode"": 0, ""state"": 0, ""battery_voltage"": 14.8, ""wifi_rssi"": -43, ""acc_data"": {""ax"": -0.5, ""ay"": -0.15, ""az"": 0.81, ""pitch"": -36.9, ""roll"": -2.2}, ""gyro_data"": {""gx"": -5, ""gy"": 1.5, ""gz"": -1.7}, ""gps_data"": {""latitude"": -1.2921, ""longitude"": 36.8219, ""gps_altitude"": 1656.3, ""time"": 12677}, ""alt_data"": {""pressure"": 858.01, ""temperature"": 26.7, ""AGL"": 0, ""velocity"": 0, ""kalman_altitude"": 0.16, ""kalman_vertical_velocity"": -0.3}, ""chute_state"": {""pyro1_state"": 0, ""pyro2_state"": 0}, ""connection_status"": {""connected"": true, ""has_ever_connected"": true, ""packet_age_ms"": 0, ""timeout_exceeded"": false, ""rssi"": -43}, ""communication_mode"": ""BLUETOOTH-SIMULATED"", ""timestamp"": 12677, ""packets_received"": 102, ""kalman_data"": {""altitude"": 0.16, ""vertical_velocity"": -0.3}, ""kalman_altitude"": 0.16, ""kalman_vertical_velocity"": -0.3, ""pyroDrogue"": 0, ""pyroMain"": 0, ""pyro1_state"": 0, ""pyro2_state"": 0}"
1768313449.206555,2026-01-13T17:10:49.206555,0,0,0,-0.66,0.15,0.69,-36.4,-1.8,4.7,4.9,-1.1,-1.2921,36.8219,1661.9,12790,857.95,26.3,0,0,0,0,14.8,-41,-0.33,0.17,BLUETOOTH-SIMULATED,"{""record_number"": 0, ""operation_mode"": 0, ""state"": 0, ""battery_voltage"": 14.8, ""wifi_rssi"": -41, ""acc_data"": {""ax"": -0.66, ""ay"": 0.15, ""az"": 0.69, ""pitch"": -36.4, ""roll"": -1.8}, ""gyro_data"": {""gx"": 4.7, ""gy"": 4.9, ""gz"": -1.1}, ""gps_data"": {""latitude"": -1.2921, ""longitude"": 36.8219, ""gps_altitude"": 1661.9, ""time"": 12790}, ""alt_data"": {""pressure"": 857.95, ""temperature"": 26.3, ""AGL"": 0, ""velocity"": 0, ""kalman_altitude"": -0.33, ""kalman_vertical_velocity"": 0.17}, ""chute_state"": {""pyro1_state"": 0, ""pyro2_state"": 0}, ""connection_status"": {""connected"": true, ""has_ever_connected"": true, ""packet_age_ms"": 0, ""timeout_exceeded"": false, ""rssi"": -41}, ""communication_mode"": ""BLUETOOTH-SIMULATED"", ""timestamp"": 12790, ""packets_received"": 103, ""kalman_data"": {""altitude"": -0.33, ""vertical_velocity"": 0.17}, ""kalman_altitude"": -0.33, ""kalman_vertical_velocity"": 0.17, ""pyroDrogue"": 0, ""pyroMain"": 0, ""pyro1_state"": 0, ""pyro2_state"": 0}"
1768313449.323984,2026-01-13T17:10:49.323984,0,0,0,-0.41,0.12,0.87,-37,-2.8,0,1.4,4.5,-1.2921,36.8219,1659.4,12903,857.9,26.9,0,0,0,0,14.8,-47,0.09,-0.17,BLUETOOTH-SIMULATED,"{""record_number"": 0, ""operation_mode"": 0, ""state"": 0, ""battery_voltage"": 14.8, ""wifi_rssi"": -47, ""acc_data"": {""ax"": -0.41, ""ay"": 0.12, ""az"": 0.87, ""pitch"": -37, ""roll"": -2.8}, ""gyro_data"": {""gx"": 0, ""gy"": 1.4, ""gz"": 4.5}, ""gps_data"": {""latitude"": -1.2921, ""longitude"": 36.8219, ""gps_altitude"": 1659.4, ""time"": 12903}, ""alt_data"": {""pressure"": 857.9, ""temperature"": 26.9, ""AGL"": 0, ""velocity"": 0, ""kalman_altitude"": 0.09, ""kalman_vertical_velocity"": -0.17}, ""chute_state"": {""pyro1_state"": 0, ""pyro2_state"": 0}, ""connection_status"": {""connected"": true, ""has_ever_connected"": true, ""packet_age_ms"": 0, ""timeout_exceeded"": false, ""rssi"": -47}, ""communication_mode"": ""BLUETOOTH-SIMULATED"", ""timestamp"": 12903, ""packets_received"": 104, ""kalman_data"": {""altitude"": 0.09, ""vertical_velocity"": -0.17}, ""kalman_altitude"": 0.09, ""kalman_vertical_velocity"": -0.17, ""pyroDrogue"": 0, ""pyroMain"": 0, ""pyro1_state"": 0, ""pyro2_state"": 0}"
1768313449.496983,2026-01-13T17:10:49.496983,0,0,0,-0.47,0.02,0.57,-36.6,-1.4,3.3,-4.7,-2.5,-1.2921,36.8219,1660.9,13016,857.93,26.5,0,0,0,0,14.8,-41,0.45,0.05,BLUETOOTH-SIMULATED,"{""record_number"": 0, ""operation_mode"": 0, ""state"": 0, ""battery_voltage"": 14.8, ""wifi_rssi"": -41, ""acc_data"": {""ax"": -0.47, ""ay"": 0.02, ""az"": 0.57, ""pitch"": -36.6, ""roll"": -1.4}, ""gyro_data"": {""gx"": 3.3, ""gy"": -4.7, ""gz"": -2.5}, ""gps_data"": {""latitude"": -1.2921, ""longitude"": 36.8219, ""gps_altitude"": 1660.9, ""time"": 13016}, ""alt_data"": {""pressure"": 857.93, ""temperature"": 26.5, ""AGL"": 0, ""velocity"": 0, ""kalman_altitude"": 0.45, ""kalman_vertical_velocity"": 0.05}, ""chute_state"": {""pyro1_state"": 0, ""pyro2_state"": 0}, ""connection_status"": {""connected"": true, ""has_ever_connected"": true, ""packet_age_ms"": 0, ""timeout_exceeded"": false, ""rssi"": -41}, ""communication_mode"": ""BLUETOOTH-SIMULATED"", ""timestamp"": 13016, ""packets_received"": 105, ""kalman_data"": {""altitude"": 0.45, ""vertical_velocity"": 0.05}, ""kalman_altitude"": 0.45, ""kalman_vertical_velocity"": 0.05, ""pyroDrogue"": 0, ""pyroMain"": 0, ""pyro1_state"": 0, ""pyro2_state"": 0}"
1768313449.762983,2026-01-13T17:10:49.762983,0,0,0,-0.76,-0.07,0.69,-37,-1.7,4,-4.3,-3.5,-1.2921,36.8219,1658.9,13919,857.92,27,0,0,0,0,14.8,-50,0.31,0.27,BLUETOOTH-SIMULATED,"{""record_number"": 0, ""operation_mode"": 0, ""state"": 0, ""battery_voltage"": 14.8, ""wifi_rssi"": -50, ""acc_data"": {""ax"": -0.76, ""ay"": -0.07, ""az"": 0.69, ""pitch"": -37, ""roll"": -1.7}, ""gyro_data"": {""gx"": 4, ""gy"": -4.3, ""gz"": -3.5}, ""gps_data"": {""latitude"": -1.2921, ""longitude"": 36.8219, ""gps_altitude"": 1658.9, ""time"": 13919}, ""alt_data"": {""pressure"": 857.92, ""temperature"": 27, ""AGL"": 0, ""velocity"": 0, ""kalman_altitude"": 0.31, ""kalman_vertical_velocity"": 0.27}, ""chute_state"": {""pyro1_state"": 0, ""pyro2_state"": 0}, ""connection_status"": {""connected"": true, ""has_ever_connected"": true, ""packet_age_ms"": 0, ""timeout_exceeded"": false, ""rssi"": -50}, ""communication_mode"": ""BLUETOOTH-SIMULATED"", ""timestamp"": 13919, ""packets_received"": 113, ""kalman_data"": {""altitude"": 0.31, ""vertical_velocity"": 0.27}, ""kalman_altitude"": 0.31, ""kalman_vertical_velocity"": 0.27, ""pyroDrogue"": 0, ""pyroMain"": 0, ""pyro1_state"": 0, ""pyro2_state"": 0}"
1768313449.920931,2026-01-13T17:10:49.920931,0,0,0,-0.65,0.11,0.79,-35.7,-1.1,-0.7,1,-1.9,-1.2921,36.8219,1665.9,14032,858.08,26.5,0,0,0,0,14.8,-43,0.42,0.07,BLUETOOTH-SIMULATED,"{""record_number"": 0, ""operation_mode"": 0, ""state"": 0, ""battery_voltage"": 14.8, ""wifi_rssi"": -43, ""acc_data"": {""ax"": -0.65, ""ay"": 0.11, ""az"": 0.79, ""pitch"": -35.7, ""roll"": -1.1}, ""gyro_data"": {""gx"": -0.7, ""gy"": 1, ""gz"": -1.9}, ""gps_data"": {""latitude"": -1.2921, ""longitude"": 36.8219, ""gps_altitude"": 1665.9, ""time"": 14032}, ""alt_data"": {""pressure"": 858.08, ""temperature"": 26.5, ""AGL"": 0, ""velocity"": 0, ""kalman_altitude"": 0.42, ""kalman_vertical_velocity"": 0.07}, ""chute_state"": {""pyro1_state"": 0, ""pyro2_state"": 0}, ""connection_status"": {""connected"": true, ""has_ever_connected"": true, ""packet_age_ms"": 0, ""timeout_exceeded"": false, ""rssi"": -43}, ""communication_mode"": ""BLUETOOTH-SIMULATED"", ""timestamp"": 14032, ""packets_received"": 114, ""kalman_data"": {""altitude"": 0.42, ""vertical_velocity"": 0.07}, ""kalman_altitude"": 0.42, ""kalman_vertical_velocity"": 0.07, ""pyroDrogue"": 0, ""pyroMain"": 0, ""pyro1_state"": 0, ""pyro2_state"": 0}"
1768313450.088945,2026-01-13T17:10:50.088945,0,0,0,-0.79,-0.21,0.76,-36.5,-2,-0.9,2.9,-4.1,-1.2921,36.8219,1664.9,14145,858.04,27.1,0,0,0,0,14.8,-49,-0.24,0.17,BLUETOOTH-SIMULATED,"{""record_number"": 0, ""operation_mode"": 0, ""state"": 0, ""battery_voltage"": 14.8, ""wifi_rssi"": -49, ""acc_data"": {""ax"": -0.79, ""ay"": -0.21, ""az"": 0.76, ""pitch"": -36.5, ""roll"": -2}, ""gyro_data"": {""gx"": -0.9, ""gy"": 2.9, ""gz"": -4.1}, ""gps_data"": {""latitude"": -1.2921, ""longitude"": 36.8219, ""gps_altitude"": 1664.9, ""time"": 14145}, ""alt_data"": {""pressure"": 858.04, ""temperature"": 27.1, ""AGL"": 0, ""velocity"": 0, ""kalman_altitude"": -0.24, ""kalman_vertical_velocity"": 0.17}, ""chute_state"": {""pyro1_state"": 0, ""pyro2_state"": 0}, ""connection_status"": {""connected"": true, ""has_ever_connected"": true, ""packet_age_ms"": 0, ""timeout_exceeded"": false, ""rssi"": -49}, ""communication_mode"": ""BLUETOOTH-SIMULATED"", ""timestamp"": 14145, ""packets_received"": 115, ""kalman_data"": {""altitude"": -0.24, ""vertical_velocity"": 0.17}, ""kalman_altitude"": -0.24, ""kalman_vertical_velocity"": 0.17, ""pyroDrogue"": 0, ""pyroMain"": 0, ""pyro1_state"": 0, ""pyro2_state"": 0}"
1768313450.155943,2026-01-13T17:10:50.155943,0,0,0,-0.62,0.13,0.85,-35.1,-2.5,-0.3,-3.3,1.8,-1.2921,36.8219,1664.7,14258,858,26.9,0,0,0,0,14.8,-48,-0.21,0.04,BLUETOOTH-SIMULATED,"{""record_number"": 0, ""operation_mode"": 0, ""state"": 0, ""battery_voltage"": 14.8, ""wifi_rssi"": -48, ""acc_data"": {""ax"": -0.62, ""ay"": 0.13, ""az"": 0.85, ""pitch"": -35.1, ""roll"": -2.5}, ""gyro_data"": {""gx"": -0.3, ""gy"": -3.3, ""gz"": 1.8}, ""gps_data"": {""latitude"": -1.2921, ""longitude"": 36.8219, ""gps_altitude"": 1664.7, ""time"": 14258}, ""alt_data"": {""pressure"": 858, ""temperature"": 26.9, ""AGL"": 0, ""velocity"": 0, ""kalman_altitude"": -0.21, ""kalman_vertical_velocity"": 0.04}, ""chute_state"": {""pyro1_state"": 0, ""pyro2_state"": 0}, ""connection_status"": {""connected"": true, ""has_ever_connected"": true, ""packet_age_ms"": 0, ""timeout_exceeded"": false, ""rssi"": -48}, ""communication_mode"": ""BLUETOOTH-SIMULATED"", ""timestamp"": 14258, ""packets_received"": 116, ""kalman_data"": {""altitude"": -0.21, ""vertical_velocity"": 0.04}, ""kalman_altitude"": -0.21, ""kalman_vertical_velocity"": 0.04, ""pyroDrogue"": 0, ""pyroMain"": 0, ""pyro1_state"": 0, ""pyro2_state"": 0}"
1768313450.221943,2026-01-13T17:10:50.221943,0,0,0,-0.4,-0.04,0.7,-35.9,-1.4,-3.8,3.1,0.4,-1.2921,36.8219,1657.4,14371,857.94,27,0,0,0,0,14.8,-44,0.36,0.28,BLUETOOTH-SIMULATED,"{""record_number"": 0, ""operation_mode"": 0, ""state"": 0, ""battery_voltage"": 14.8, ""wifi_rssi"": -44, ""acc_data"": {""ax"": -0.4, ""ay"": -0.04, ""az"": 0.7, ""pitch"": -35.9, ""roll"": -1.4}, ""gyro_data"": {""gx"": -3.8, ""gy"": 3.1, ""gz"": 0.4}, ""gps_data"": {""latitude"": -1.2921, ""longitude"": 36.8219, ""gps_altitude"": 1657.4, ""time"": 14371}, ""alt_data"": {""pressure"": 857.94, ""temperature"": 27, ""AGL"": 0, ""velocity"": 0, ""kalman_altitude"": 0.36, ""kalman_vertical_velocity"": 0.28}, ""chute_state"": {""pyro1_state"": 0, ""pyro2_state"": 0}, ""connection_status"": {""connected"": true, ""has_ever_connected"": true, ""packet_age_ms"": 0, ""timeout_exceeded"": false, ""rssi"": -44}, ""communication_mode"": ""BLUETOOTH-SIMULATED"", ""timestamp"": 14371, ""packets_received"": 117, ""kalman_data"": {""altitude"": 0.36, ""vertical_velocity"": 0.28}, ""kalman_altitude"": 0.36, ""kalman_vertical_velocity"": 0.28, ""pyroDrogue"": 0, ""pyroMain"": 0, ""pyro1_state"": 0, ""pyro2_state"": 0}"
1768313450.42294,2026-01-13T17:10:50.422940,0,0,0,-0.62,0.08,0.81,-36.1,-1.9,-1.9,-3,-0.2,-1.2921,36.8219,1661.9,14484,857.99,26.5,0,0,0,0,14.8,-41,-0.29,0.27,BLUETOOTH-SIMULATED,"{""record_number"": 0, ""operation_mode"": 0, ""state"": 0, ""battery_voltage"": 14.8, ""wifi_rssi"": -41, ""acc_data"": {""ax"": -0.62, ""ay"": 0.08, ""az"": 0.81, ""pitch"": -36.1, ""roll"": -1.9}, ""gyro_data"": {""gx"": -1.9, ""gy"": -3, ""gz"": -0.2}, ""gps_data"": {""latitude"": -1.2921, ""longitude"": 36.8219, ""gps_altitude"": 1661.9, ""time"": 14484}, ""alt_data"": {""pressure"": 857.99, ""temperature"": 26.5, ""AGL"": 0, ""velocity"": 0, ""kalman_altitude"": -0.29, ""kalman_vertical_velocity"": 0.27}, ""chute_state"": {""pyro1_state"": 0, ""pyro2_state"": 0}, ""connection_status"": {""connected"": true, ""has_ever_connected"": true, ""packet_age_ms"": 0, ""timeout_exceeded"": false, ""rssi"": -41}, ""communication_mode"": ""BLUETOOTH-SIMULATED"", ""timestamp"": 14484, ""packets_received"": 118, ""kalman_data"": {""altitude"": -0.29, ""vertical_velocity"": 0.27}, ""kalman_altitude"": -0.29, ""kalman_vertical_velocity"": 0.27, ""pyroDrogue"": 0, ""pyroMain"": 0, ""pyro1_state"": 0, ""pyro2_state"": 0}"
1768313450.561045,2026-01-13T17:10:50.561045,0,0,0,-0.72,-0.15,0.8,-35.2,-1.7,0.9,4.6,0.7,-1.2921,36.8219,1658.4,14597,858.05,26.6,0,0,0,0,14.8,-43,-0.19,0.19,BLUETOOTH-SIMULATED,"{""record_number"": 0, ""operation_mode"": 0, ""state"": 0, ""battery_voltage"": 14.8, ""wifi_rssi"": -43, ""acc_data"": {""ax"": -0.72, ""ay"": -0.15, ""az"": 0.8, ""pitch"": -35.2, ""roll"": -1.7}, ""gyro_data"": {""gx"": 0.9, ""gy"": 4.6, ""gz"": 0.7}, ""gps_data"": {""latitude"": -1.2921, ""longitude"": 36.8219, ""gps_altitude"": 1658.4, ""time"": 14597}, ""alt_data"": {""pressure"": 858.05, ""temperature"": 26.6, ""AGL"": 0, ""velocity"": 0, ""kalman_altitude"": -0.19, ""kalman_vertical_velocity"": 0.19}, ""chute_state"": {""pyro1_state"": 0, ""pyro2_state"": 0}, ""connection_status"": {""connected"": true, ""has_ever_connected"": true, ""packet_age_ms"": 0, ""timeout_exceeded"": false, ""rssi"": -43}, ""communication_mode"": ""BLUETOOTH-SIMULATED"", ""timestamp"": 14597, ""packets_received"": 119, ""kalman_data"": {""altitude"": -0.19, ""vertical_velocity"": 0.19}, ""kalman_altitude"": -0.19, ""kalman_vertical_velocity"": 0.19, ""pyroDrogue"": 0, ""pyroMain"": 0, ""pyro1_state"": 0, ""pyro2_state"": 0}"
1768313450.686045,2026-01-13T17:10:50.686045,0,0,0,-0.53,0.01,0.72,-36.6,-1.5,2.9,-0.4,-0.9,-1.2921,36.8219,1662.2,14710,857.96,26.9,0,0,0,0,14.8,-41,0.46,-0.13,BLUETOOTH-SIMULATED,"{""record_number"": 0, ""operation_mode"": 0, ""state"": 0, ""battery_voltage"": 14.8, ""wifi_rssi"": -41, ""acc_data"": {""ax"": -0.53, ""ay"": 0.01, ""az"": 0.72, ""pitch"": -36.6, ""roll"": -1.5}, ""gyro_data"": {""gx"": 2.9, ""gy"": -0.4, ""gz"": -0.9}, ""gps_data"": {""latitude"": -1.2921, ""longitude"": 36.8219, ""gps_altitude"": 1662.2, ""time"": 14710}, ""alt_data"": {""pressure"": 857.96, ""temperature"": 26.9, ""AGL"": 0, ""velocity"": 0, ""kalman_altitude"": 0.46, ""kalman_vertical_velocity"": -0.13}, ""chute_state"": {""pyro1_state"": 0, ""pyro2_state"": 0}, ""connection_status"": {""connected"": true, ""has_ever_connected"": true, ""packet_age_ms"": 0, ""timeout_exceeded"": false, ""rssi"": -41}, ""communication_mode"": ""BLUETOOTH-SIMULATED"", ""timestamp"": 14710, ""packets_received"": 120, ""kalman_data"": {""altitude"": 0.46, ""vertical_velocity"": -0.13}, ""kalman_altitude"": 0.46, ""kalman_vertical_velocity"": -0.13, ""pyroDrogue"": 0, ""pyroMain"": 0, ""pyro1_state"": 0, ""pyro2_state"": 0}"
1768313450.862048,2026-01-13T17:10:50.862048,0,0,0,-0.42,-0.05,0.88,-35.3,-1.8,3.5,4.7,-0.7,-1.2921,36.8219,1658.4,14823,857.93,26.5,0,0,0,0,14.8,-46,0.07,0.04,BLUETOOTH-SIMULATED,"{""record_number"": 0, ""operation_mode"": 0, ""state"": 0, ""battery_voltage"": 14.8, ""wifi_rssi"": -46, ""acc_data"": {""ax"": -0.42, ""ay"": -0.05, ""az"": 0.88, ""pitch"": -35.3, ""roll"": -1.8}, ""gyro_data"": {""gx"": 3.5, ""gy"": 4.7, ""gz"": -0.7}, ""gps_data"": {""latitude"": -1.2921, ""longitude"": 36.8219, ""gps_altitude"": 1658.4, ""time"": 14823}, ""alt_data"": {""pressure"": 857.93, ""temperature"": 26.5, ""AGL"": 0, ""velocity"": 0, ""kalman_altitude"": 0.07, ""kalman_vertical_velocity"": 0.04}, ""chute_state"": {""pyro1_state"": 0, ""pyro2_state"": 0}, ""connection_status"": {""connected"": true, ""has_ever_connected"": true, ""packet_age_ms"": 0, ""timeout_exceeded"": false, ""rssi"": -46}, ""communication_mode"": ""BLUETOOTH-SIMULATED"", ""timestamp"": 14823, ""packets_received"": 121, ""kalman_data"": {""altitude"": 0.07, ""vertical_velocity"": 0.04}, ""kalman_altitude"": 0.07, ""kalman_vertical_velocity"": 0.04, ""pyroDrogue"": 0, ""pyroMain"": 0, ""pyro1_state"": 0, ""pyro2_state"": 0}"
1768313451.010222,2026-01-13T17:10:51.010222,0,0,0,-0.58,0.11,0.6,-35.3,-2.3,-1.7,-3.5,4.8,-1.2921,36.8219,1665.6,14936,857.91,26.5,0,0,0,0,14.8,-43,0.2,0.03,BLUETOOTH-SIMULATED,"{""record_number"": 0, ""operation_mode"": 0, ""state"": 0, ""battery_voltage"": 14.8, ""wifi_rssi"": -43, ""acc_data"": {""ax"": -0.58, ""ay"": 0.11, ""az"": 0.6, ""pitch"": -35.3, ""roll"": -2.3}, ""gyro_data"": {""gx"": -1.7, ""gy"": -3.5, ""gz"": 4.8}, ""gps_data"": {""latitude"": -1.2921, ""longitude"": 36.8219, ""gps_altitude"": 1665.6, ""time"": 14936}, ""alt_data"": {""pressure"": 857.91, ""temperature"": 26.5, ""AGL"": 0, ""velocity"": 0, ""kalman_altitude"": 0.2, ""kalman_vertical_velocity"": 0.03}, ""chute_state"": {""pyro1_state"": 0, ""pyro2_state"": 0}, ""connection_status"": {""connected"": true, ""has_ever_connected"": true, ""packet_age_ms"": 0, ""timeout_exceeded"": false, ""rssi"": -43}, ""communication_mode"": ""BLUETOOTH-SIMULATED"", ""timestamp"": 14936, ""packets_received"": 122, ""kalman_data"": {""altitude"": 0.2, ""vertical_velocity"": 0.03}, ""kalman_altitude"": 0.2, ""kalman_vertical_velocity"": 0.03, ""pyroDrogue"": 0, ""pyroMain"": 0, ""pyro1_state"": 0, ""pyro2_state"": 0}"
1768313451.252813,2026-01-13T17:10:51.252813,0,0,0,-0.61,-0.1,0.53,-36.8,-2.8,-2.3,-1,-3.3,-1.2921,36.8219,1663,15049,857.99,27.1,0,0,0,0,14.8,-43,-0.16,-0.06,BLUETOOTH-SIMULATED,"{""record_number"": 0, ""operation_mode"": 0, ""state"": 0, ""battery_voltage"": 14.8, ""wifi_rssi"": -43, ""acc_data"": {""ax"": -0.61, ""ay"": -0.1, ""az"": 0.53, ""pitch"": -36.8, ""roll"": -2.8}, ""gyro_data"": {""gx"": -2.3, ""gy"": -1, ""gz"": -3.3}, ""gps_data"": {""latitude"": -1.2921, ""longitude"": 36.8219, ""gps_altitude"": 1663, ""time"": 15049}, ""alt_data"": {""pressure"": 857.99, ""temperature"": 27.1, ""AGL"": 0, ""velocity"": 0, ""kalman_altitude"": -0.16, ""kalman_vertical_velocity"": -0.06}, ""chute_state"": {""pyro1_state"": 0, ""pyro2_state"": 0}, ""connection_status"": {""connected"": true, ""has_ever_connected"": true, ""packet_age_ms"": 0, ""timeout_exceeded"": false, ""rssi"": -43}, ""communication_mode"": ""BLUETOOTH-SIMULATED"", ""timestamp"": 15049, ""packets_received"": 123, ""kalman_data"": {""altitude"": -0.16, ""vertical_velocity"": -0.06}, ""kalman_altitude"": -0.16, ""kalman_vertical_velocity"": -0.06, ""pyroDrogue"": 0, ""pyroMain"": 0, ""pyro1_state"": 0, ""pyro2_state"": 0}"
1768313451.361789,2026-01-13T17:10:51.361789,0,0,0,-0.44,-0.07,0.68,-36,-1.3,-0.3,-0.1,-2.8,-1.2921,36.8219,1656.9,15162,858.02,26.2,0,0,0,0,14.8,-47,-0.05,0.17,BLUETOOTH-SIMULATED,"{""record_number"": 0, ""operation_mode"": 0, ""state"": 0, ""battery_voltage"": 14.8, ""wifi_rssi"": -47, ""acc_data"": {""ax"": -0.44, ""ay"": -0.07, ""az"": 0.68, ""pitch"": -36, ""roll"": -1.3}, ""gyro_data"": {""gx"": -0.3, ""gy"": -0.1, ""gz"": -2.8}, ""gps_data"": {""latitude"": -1.2921, ""longitude"": 36.8219, ""gps_altitude"": 1656.9, ""time"": 15162}, ""alt_data"": {""pressure"": 858.02, ""temperature"": 26.2, ""AGL"": 0, ""velocity"": 0, ""kalman_altitude"": -0.05, ""kalman_vertical_velocity"": 0.17}, ""chute_state"": {""pyro1_state"": 0, ""pyro2_state"": 0}, ""connection_status"": {""connected"": true, ""has_ever_connected"": true, ""packet_age_ms"": 0, ""timeout_exceeded"": false, ""rssi"": -47}, ""communication_mode"": ""BLUETOOTH-SIMULATED"", ""timestamp"": 15162, ""packets_received"": 124, ""kalman_data"": {""altitude"": -0.05, ""vertical_velocity"": 0.17}, ""kalman_altitude"": -0.05, ""kalman_vertical_velocity"": 0.17, ""pyroDrogue"": 0, ""pyroMain"": 0, ""pyro1_state"": 0, ""pyro2_state"": 0}"
1768313451.741927,2026-01-13T17:10:51.741927,0,0,0,-0.75,0.07,0.6,-35.6,-2.5,-0.3,-4,0.4,-1.2921,36.8219,1663.6,15275,857.91,26.4,0,0,0,0,14.8,-46,-0.45,-0.28,BLUETOOTH-SIMULATED,"{""record_number"": 0, ""operation_mode"": 0, ""state"": 0, ""battery_voltage"": 14.8, ""wifi_rssi"": -46, ""acc_data"": {""ax"": -0.75, ""ay"": 0.07, ""az"": 0.6, ""pitch"": -35.6, ""roll"": -2.5}, ""gyro_data"": {""gx"": -0.3, ""gy"": -4, ""gz"": 0.4}, ""gps_data"": {""latitude"": -1.2921, ""longitude"": 36.8219, ""gps_altitude"": 1663.6, ""time"": 15275}, ""alt_data"": {""pressure"": 857.91, ""temperature"": 26.4, ""AGL"": 0, ""velocity"": 0, ""kalman_altitude"": -0.45, ""kalman_vertical_velocity"": -0.28}, ""chute_state"": {""pyro1_state"": 0, ""pyro2_state"": 0}, ""connection_status"": {""connected"": true, ""has_ever_connected"": true, ""packet_age_ms"": 0, ""timeout_exceeded"": false, ""rssi"": -46}, ""communication_mode"": ""BLUETOOTH-SIMULATED"", ""timestamp"": 15275, ""packets_received"": 125, ""kalman_data"": {""altitude"": -0.45, ""vertical_velocity"": -0.28}, ""kalman_altitude"": -0.45, ""kalman_vertical_velocity"": -0.28, ""pyroDrogue"": 0, ""pyroMain"": 0, ""pyro1_state"": 0, ""pyro2_state"": 0}"
1768313451.891452,2026-01-13T17:10:51.891452,0,0,0,-0.52,0.04,0.88,-37,-1.6,1.5,1.4,-0.2,-1.2921,36.8219,1657.8,15388,857.96,26.6,0,0,0,0,14.8,-46,0.08,-0.05,BLUETOOTH-SIMULATED,"{""record_number"": 0, ""operation_mode"": 0, ""state"": 0, ""battery_voltage"": 14.8, ""wifi_rssi"": -46, ""acc_data"": {""ax"": -0.52, ""ay"": 0.04, ""az"": 0.88, ""pitch"": -37, ""roll"": -1.6}, ""gyro_data"": {""gx"": 1.5, ""gy"": 1.4, ""gz"": -0.2}, ""gps_data"": {""latitude"": -1.2921, ""longitude"": 36.8219, ""gps_altitude"": 1657.8, ""time"": 15388}, ""alt_data"": {""pressure"": 857.96, ""temperature"": 26.6, ""AGL"": 0, ""velocity"": 0, ""kalman_altitude"": 0.08, ""kalman_vertical_velocity"": -0.05}, ""chute_state"": {""pyro1_state"": 0, ""pyro2_state"": 0}, ""connection_status"": {""connected"": true, ""has_ever_connected"": true, ""packet_age_ms"": 0, ""timeout_exceeded"": false, ""rssi"": -46}, ""communication_mode"": ""BLUETOOTH-SIMULATED"", ""timestamp"": 15388, ""packets_received"": 126, ""kalman_data"": {""altitude"": 0.08, ""vertical_velocity"": -0.05}, ""kalman_altitude"": 0.08, ""kalman_vertical_velocity"": -0.05, ""pyroDrogue"": 0, ""pyroMain"": 0, ""pyro1_state"": 0, ""pyro2_state"": 0}"
1768313451.962451,2026-01-13T17:10:51.962451,0,0,0,-0.71,-0.04,0.53,-36.3,-1.6,-3.8,1.6,4,-1.2921,36.8219,1662.7,15501,858,27,0,0,0,0,14.8,-44,0.15,-0.13,BLUETOOTH-SIMULATED,"{""record_number"": 0, ""operation_mode"": 0, ""state"": 0, ""battery_voltage"": 14.8, ""wifi_rssi"": -44, ""acc_data"": {""ax"": -0.71, ""ay"": -0.04, ""az"": 0.53, ""pitch"": -36.3, ""roll"": -1.6}, ""gyro_data"": {""gx"": -3.8, ""gy"": 1.6, ""gz"": 4}, ""gps_data"": {""latitude"": -1.2921, ""longitude"": 36.8219, ""gps_altitude"": 1662.7, ""time"": 15501}, ""alt_data"": {""pressure"": 858, ""temperature"": 27, ""AGL"": 0, ""velocity"": 0, ""kalman_altitude"": 0.15, ""kalman_vertical_velocity"": -0.13}, ""chute_state"": {""pyro1_state"": 0, ""pyro2_state"": 0}, ""connection_status"": {""connected"": true, ""has_ever_connected"": true, ""packet_age_ms"": 0, ""timeout_exceeded"": false, ""rssi"": -44}, ""communication_mode"": ""BLUETOOTH-SIMULATED"", ""timestamp"": 15501, ""packets_received"": 127, ""kalman_data"": {""altitude"": 0.15, ""vertical_velocity"": -0.13}, ""kalman_altitude"": 0.15, ""kalman_vertical_velocity"": -0.13, ""pyroDrogue"": 0, ""pyroMain"": 0, ""pyro1_state"": 0, ""pyro2_state"": 0}"
1768313452.077453,2026-01-13T17:10:52.077453,0,0,0,-0.4,0.09,0.65,-35.1,-1.7,1.3,1.5,3.9,-1.2921,36.8219,1658.2,15614,857.93,27.1,0,0,0,0,14.8,-49,-0.13,0.19,BLUETOOTH-SIMULATED,"{""record_number"": 0, ""operation_mode"": 0, ""state"": 0, ""battery_voltage"": 14.8, ""wifi_rssi"": -49, ""acc_data"": {""ax"": -0.4, ""ay"": 0.09, ""az"": 0.65, ""pitch"": -35.1, ""roll"": -1.7}, ""gyro_data"": {""gx"": 1.3, ""gy"": 1.5, ""gz"": 3.9}, ""gps_data"": {""latitude"": -1.2921, ""longitude"": 36.8219, ""gps_altitude"": 1658.2, ""time"": 15614}, ""alt_data"": {""pressure"": 857.93, ""temperature"": 27.1, ""AGL"": 0, ""velocity"": 0, ""kalman_altitude"": -0.13, ""kalman_vertical_velocity"": 0.19}, ""chute_state"": {""pyro1_state"": 0, ""pyro2_state"": 0}, ""connection_status"": {""connected"": true, ""has_ever_connected"": true, ""packet_age_ms"": 0, ""timeout_exceeded"": false, ""rssi"": -49}, ""communication_mode"": ""BLUETOOTH-SIMULATED"", ""timestamp"": 15614, ""packets_received"": 128, ""kalman_data"": {""altitude"": -0.13, ""vertical_velocity"": 0.19}, ""kalman_altitude"": -0.13, ""kalman_vertical_velocity"": 0.19, ""pyroDrogue"": 0, ""pyroMain"": 0, ""pyro1_state"": 0, ""pyro2_state"": 0}"
1768313452.176295,2026-01-13T17:10:52.176295,0,0,0,-0.67,0.17,0.84,-36.2,-3,-2.5,-4.6,-0.8,-1.2921,36.8219,1658.7,15727,858.04,26.6,0,0,0,0,14.8,-50,0.09,-0.04,BLUETOOTH-SIMULATED,"{""record_number"": 0, ""operation_mode"": 0, ""state"": 0, ""battery_voltage"": 14.8, ""wifi_rssi"": -50, ""acc_data"": {""ax"": -0.67, ""ay"": 0.17, ""az"": 0.84, ""pitch"": -36.2, ""roll"": -3}, ""gyro_data"": {""gx"": -2.5, ""gy"": -4.6, ""gz"": -0.8}, ""gps_data"": {""latitude"": -1.2921, ""longitude"": 36.8219, ""gps_altitude"": 1658.7, ""time"": 15727}, ""alt_data"": {""pressure"": 858.04, ""temperature"": 26.6, ""AGL"": 0, ""velocity"": 0, ""kalman_altitude"": 0.09, ""kalman_vertical_velocity"": -0.04}, ""chute_state"": {""pyro1_state"": 0, ""pyro2_state"": 0}, ""connection_status"": {""connected"": true, ""has_ever_connected"": true, ""packet_age_ms"": 0, ""timeout_exceeded"": false, ""rssi"": -50}, ""communication_mode"": ""BLUETOOTH-SIMULATED"", ""timestamp"": 15727, ""packets_received"": 129, ""kalman_data"": {""altitude"": 0.09, ""vertical_velocity"": -0.04}, ""kalman_altitude"": 0.09, ""kalman_vertical_velocity"": -0.04, ""pyroDrogue"": 0, ""pyroMain"": 0, ""pyro1_state"": 0, ""pyro2_state"": 0}"
1768313452.325709,2026-01-13T17:10:52.325709,0,0,0,-0.53,0.16,0.75,-36.2,-2.1,1.9,1.3,0.7,-1.2921,36.8219,1664.5,15840,857.98,26.5,0,0,0,0,14.8,-41,0.03,-0.07,BLUETOOTH-SIMULATED,"{""record_number"": 0, ""operation_mode"": 0, ""state"": 0, ""battery_voltage"": 14.8, ""wifi_rssi"": -41, ""acc_data"": {""ax"": -0.53, ""ay"": 0.16, ""az"": 0.75, ""pitch"": -36.2, ""roll"": -2.1}, ""gyro_data"": {""gx"": 1.9, ""gy"": 1.3, ""gz"": 0.7}, ""gps_data"": {""latitude"": -1.2921, ""longitude"": 36.8219, ""gps_altitude"": 1664.5, ""time"": 15840}, ""alt_data"": {""pressure"": 857.98, ""temperature"": 26.5, ""AGL"": 0, ""velocity"": 0, ""kalman_altitude"": 0.03, ""kalman_vertical_velocity"": -0.07}, ""chute_state"": {""pyro1_state"": 0, ""pyro2_state"": 0}, ""connection_status"": {""connected"": true, ""has_ever_connected"": true, ""packet_age_ms"": 0, ""timeout_exceeded"": false, ""rssi"": -41}, ""communication_mode"": ""BLUETOOTH-SIMULATED"", ""timestamp"": 15840, ""packets_received"": 130, ""kalman_data"": {""altitude"": 0.03, ""vertical_velocity"": -0.07}, ""kalman_altitude"": 0.03, ""kalman_vertical_velocity"": -0.07, ""pyroDrogue"": 0, ""pyroMain"": 0, ""pyro1_state"": 0, ""pyro2_state"": 0}"
1768313452.574711,2026-01-13T17:10:52.574711,0,0,0,-0.79,0.09,0.82,-36.3,-2.9,-3.8,-3.8,-1.8,-1.2921,36.8219,1663.8,15953,857.94,27,0,0,0,0,14.8,-48,-0.06,0.19,BLUETOOTH-SIMULATED,"{""record_number"": 0, ""operation_mode"": 0, ""state"": 0, ""battery_voltage"": 14.8, ""wifi_rssi"": -48, ""acc_data"": {""ax"": -0.79, ""ay"": 0.09, ""az"": 0.82, ""pitch"": -36.3, ""roll"": -2.9}, ""gyro_data"": {""gx"": -3.8, ""gy"": -3.8, ""gz"": -1.8}, ""gps_data"": {""latitude"": -1.2921, ""longitude"": 36.8219, ""gps_altitude"": 1663.8, ""time"": 15953}, ""alt_data"": {""pressure"": 857.94, ""temperature"": 27, ""AGL"": 0, ""velocity"": 0, ""kalman_altitude"": -0.06, ""kalman_vertical_velocity"": 0.19}, ""chute_state"": {""pyro1_state"": 0, ""pyro2_state"": 0}, ""connection_status"": {""connected"": true, ""has_ever_connected"": true, ""packet_age_ms"": 0, ""timeout_exceeded"": false, ""rssi"": -48}, ""communication_mode"": ""BLUETOOTH-SIMULATED"", ""timestamp"": 15953, ""packets_received"": 131, ""kalman_data"": {""altitude"": -0.06, ""vertical_velocity"": 0.19}, ""kalman_altitude"": -0.06, ""kalman_vertical_velocity"": 0.19, ""pyroDrogue"": 0, ""pyroMain"": 0, ""pyro1_state"": 0, ""pyro2_state"": 0}"
1768313452.760706,2026-01-13T17:10:52.760706,0,0,0,-0.6,0.15,0.56,-35.8,-2.1,-0.6,-0.4,1.9,-1.2921,36.8219,1656.3,16066,857.95,27.1,0,0,0,0,14.8,-44,-0.17,-0.15,BLUETOOTH-SIMULATED,"{""record_number"": 0, ""operation_mode"": 0, ""state"": 0, ""battery_voltage"": 14.8, ""wifi_rssi"": -44, ""acc_data"": {""ax"": -0.6, ""ay"": 0.15, ""az"": 0.56, ""pitch"": -35.8, ""roll"": -2.1}, ""gyro_data"": {""gx"": -0.6, ""gy"": -0.4, ""gz"": 1.9}, ""gps_data"": {""latitude"": -1.2921, ""longitude"": 36.8219, ""gps_altitude"": 1656.3, ""time"": 16066}, ""alt_data"": {""pressure"": 857.95, ""temperature"": 27.1, ""AGL"": 0, ""velocity"": 0, ""kalman_altitude"": -0.17, ""kalman_vertical_velocity"": -0.15}, ""chute_state"": {""pyro1_state"": 0, ""pyro2_state"": 0}, ""connection_status"": {""connected"": true, ""has_ever_connected"": true, ""packet_age_ms"": 0, ""timeout_exceeded"": false, ""rssi"": -44}, ""communication_mode"": ""BLUETOOTH-SIMULATED"", ""timestamp"": 16066, ""packets_received"": 132, ""kalman_data"": {""altitude"": -0.17, ""vertical_velocity"": -0.15}, ""kalman_altitude"": -0.17, ""kalman_vertical_velocity"": -0.15, ""pyroDrogue"": 0, ""pyroMain"": 0, ""pyro1_state"": 0, ""pyro2_state"": 0}"
1768313452.811371,2026-01-13T17:10:52.811371,0,0,0,-0.59,-0.06,0.58,-35.1,-1.5,-3.6,1.1,2.1,-1.2921,36.8219,1656.2,16179,857.98,26.4,0,0,0,0,14.8,-47,-0.27,-0.09,BLUETOOTH-SIMULATED,"{""record_number"": 0, ""operation_mode"": 0, ""state"": 0, ""battery_voltage"": 14.8, ""wifi_rssi"": -47, ""acc_data"": {""ax"": -0.59, ""ay"": -0.06, ""az"": 0.58, ""pitch"": -35.1, ""roll"": -1.5}, ""gyro_data"": {""gx"": -3.6, ""gy"": 1.1, ""gz"": 2.1}, ""gps_data"": {""latitude"": -1.2921, ""longitude"": 36.8219, ""gps_altitude"": 1656.2, ""time"": 16179}, ""alt_data"": {""pressure"": 857.98, ""temperature"": 26.4, ""AGL"": 0, ""velocity"": 0, ""kalman_altitude"": -0.27, ""kalman_vertical_velocity"": -0.09}, ""chute_state"": {""pyro1_state"": 0, ""pyro2_state"": 0}, ""connection_status"": {""connected"": true, ""has_ever_connected"": true, ""packet_age_ms"": 0, ""timeout_exceeded"": false, ""rssi"": -47}, ""communication_mode"": ""BLUETOOTH-SIMULATED"", ""timestamp"": 16179, ""packets_received"": 133, ""kalman_data"": {""altitude"": -0.27, ""vertical_velocity"": -0.09}, ""kalman_altitude"": -0.27, ""kalman_vertical_velocity"": -0.09, ""pyroDrogue"": 0, ""pyroMain"": 0, ""pyro1_state"": 0, ""pyro2_state"": 0}"
1768313452.878372,2026-01-13T17:10:52.878372,0,0,0,-0.7,0.14,0.86,-36.8,-1.1,-2.3,-2.3,3.1,-1.2921,36.8219,1661.7,16292,858.09,26.7,0,0,0,0,14.8,-43,-0.27,-0.23,BLUETOOTH-SIMULATED,"{""record_number"": 0, ""operation_mode"": 0, ""state"": 0, ""battery_voltage"": 14.8, ""wifi_rssi"": -43, ""acc_data"": {""ax"": -0.7, ""ay"": 0.14, ""az"": 0.86, ""pitch"": -36.8, ""roll"": -1.1}, ""gyro_data"": {""gx"": -2.3, ""gy"": -2.3, ""gz"": 3.1}, ""gps_data"": {""latitude"": -1.2921, ""longitude"": 36.8219, ""gps_altitude"": 1661.7, ""time"": 16292}, ""alt_data"": {""pressure"": 858.09, ""temperature"": 26.7, ""AGL"": 0, ""velocity"": 0, ""kalman_altitude"": -0.27, ""kalman_vertical_velocity"": -0.23}, ""chute_state"": {""pyro1_state"": 0, ""pyro2_state"": 0}, ""connection_status"": {""connected"": true, ""has_ever_connected"": true, ""packet_age_ms"": 0, ""timeout_exceeded"": false, ""rssi"": -43}, ""communication_mode"": ""BLUETOOTH-SIMULATED"", ""timestamp"": 16292, ""packets_received"": 134, ""kalman_data"": {""altitude"": -0.27, ""vertical_velocity"": -0.23}, ""kalman_altitude"": -0.27, ""kalman_vertical_velocity"": -0.23, ""pyroDrogue"": 0, ""pyroMain"": 0, ""pyro1_state"": 0, ""pyro2_state"": 0}"
1768313453.142372,2026-01-13T17:10:53.142372,0,0,0,-0.72,0.11,0.66,-36.5,-2,-3.3,-2.5,3.4,-1.2921,36.8219,1662.9,16405,857.94,26.8,0,0,0,0,14.8,-41,0,0.22,BLUETOOTH-SIMULATED,"{""record_number"": 0, ""operation_mode"": 0, ""state"": 0, ""battery_voltage"": 14.8, ""wifi_rssi"": -41, ""acc_data"": {""ax"": -0.72, ""ay"": 0.11, ""az"": 0.66, ""pitch"": -36.5, ""roll"": -2}, ""gyro_data"": {""gx"": -3.3, ""gy"": -2.5, ""gz"": 3.4}, ""gps_data"": {""latitude"": -1.2921, ""longitude"": 36.8219, ""gps_altitude"": 1662.9, ""time"": 16405}, ""alt_data"": {""pressure"": 857.94, ""temperature"": 26.8, ""AGL"": 0, ""velocity"": 0, ""kalman_altitude"": 0, ""kalman_vertical_velocity"": 0.22}, ""chute_state"": {""pyro1_state"": 0, ""pyro2_state"": 0}, ""connection_status"": {""connected"": true, ""has_ever_connected"": true, ""packet_age_ms"": 0, ""timeout_exceeded"": false, ""rssi"": -41}, ""communication_mode"": ""BLUETOOTH-SIMULATED"", ""timestamp"": 16405, ""packets_received"": 135, ""kalman_data"": {""altitude"": 0, ""vertical_velocity"": 0.22}, ""kalman_altitude"": 0, ""kalman_vertical_velocity"": 0.22, ""pyroDrogue"": 0, ""pyroMain"": 0, ""pyro1_state"": 0, ""pyro2_state"": 0}"
1768313453.277909,2026-01-13T17:10:53.277909,0,0,0,-0.56,-0.22,0.81,-37,-2.1,1.3,1.1,-1.5,-1.2921,36.8219,1664.1,16517,857.98,26.5,0,0,0,0,14.8,-50,0.25,0.19,BLUETOOTH-SIMULATED,"{""record_number"": 0, ""operation_mode"": 0, ""state"": 0, ""battery_voltage"": 14.8, ""wifi_rssi"": -50, ""acc_data"": {""ax"": -0.56, ""ay"": -0.22, ""az"": 0.81, ""pitch"": -37, ""roll"": -2.1}, ""gyro_data"": {""gx"": 1.3, ""gy"": 1.1, ""gz"": -1.5}, ""gps_data"": {""latitude"": -1.2921, ""longitude"": 36.8219, ""gps_altitude"": 1664.1, ""time"": 16517}, ""alt_data"": {""pressure"": 857.98, ""temperature"": 26.5, ""AGL"": 0, ""velocity"": 0, ""kalman_altitude"": 0.25, ""kalman_vertical_velocity"": 0.19}, ""chute_state"": {""pyro1_state"": 0, ""pyro2_state"": 0}, ""connection_status"": {""connected"": true, ""has_ever_connected"": true, ""packet_age_ms"": 0, ""timeout_exceeded"": false, ""rssi"": -50}, ""communication_mode"": ""BLUETOOTH-SIMULATED"", ""timestamp"": 16517, ""packets_received"": 136, ""kalman_data"": {""altitude"": 0.25, ""vertical_velocity"": 0.19}, ""kalman_altitude"": 0.25, ""kalman_vertical_velocity"": 0.19, ""pyroDrogue"": 0, ""pyroMain"": 0, ""pyro1_state"": 0, ""pyro2_state"": 0}"
1768313453.361297,2026-01-13T17:10:53.361297,0,0,0,-0.44,0.04,0.58,-36.3,-2.6,4.2,0.1,-0.3,-1.2921,36.8219,1656.1,16630,857.9,26.8,0,0,0,0,14.8,-43,-0.1,-0.25,BLUETOOTH-SIMULATED,"{""record_number"": 0, ""operation_mode"": 0, ""state"": 0, ""battery_voltage"": 14.8, ""wifi_rssi"": -43, ""acc_data"": {""ax"": -0.44, ""ay"": 0.04, ""az"": 0.58, ""pitch"": -36.3, ""roll"": -2.6}, ""gyro_data"": {""gx"": 4.2, ""gy"": 0.1, ""gz"": -0.3}, ""gps_data"": {""latitude"": -1.2921, ""longitude"": 36.8219, ""gps_altitude"": 1656.1, ""time"": 16630}, ""alt_data"": {""pressure"": 857.9, ""temperature"": 26.8, ""AGL"": 0, ""velocity"": 0, ""kalman_altitude"": -0.1, ""kalman_vertical_velocity"": -0.25}, ""chute_state"": {""pyro1_state"": 0, ""pyro2_state"": 0}, ""connection_status"": {""connected"": true, ""has_ever_connected"": true, ""packet_age_ms"": 0, ""timeout_exceeded"": false, ""rssi"": -43}, ""communication_mode"": ""BLUETOOTH-SIMULATED"", ""timestamp"": 16630, ""packets_received"": 137, ""kalman_data"": {""altitude"": -0.1, ""vertical_velocity"": -0.25}, ""kalman_altitude"": -0.1, ""kalman_vertical_velocity"": -0.25, ""pyroDrogue"": 0, ""pyroMain"": 0, ""pyro1_state"": 0, ""pyro2_state"": 0}"
1768313453.508362,2026-01-13T17:10:53.508362,0,0,0,-0.71,0.09,0.62,-36.6,-2.9,4.8,-3.2,0.3,-1.2921,36.8219,1659.6,16743,858.08,26.2,0,0,0,0,14.8,-41,0.31,0.23,BLUETOOTH-SIMULATED,"{""record_number"": 0, ""operation_mode"": 0, ""state"": 0, ""battery_voltage"": 14.8, ""wifi_rssi"": -41, ""acc_data"": {""ax"": -0.71, ""ay"": 0.09, ""az"": 0.62, ""pitch"": -36.6, ""roll"": -2.9}, ""gyro_data"": {""gx"": 4.8, ""gy"": -3.2, ""gz"": 0.3}, ""gps_data"": {""latitude"": -1.2921, ""longitude"": 36.8219, ""gps_altitude"": 1659.6, ""time"": 16743}, ""alt_data"": {""pressure"": 858.08, ""temperature"": 26.2, ""AGL"": 0, ""velocity"": 0, ""kalman_altitude"": 0.31, ""kalman_vertical_velocity"": 0.23}, ""chute_state"": {""pyro1_state"": 0, ""pyro2_state"": 0}, ""connection_status"": {""connected"": true, ""has_ever_connected"": true, ""packet_age_ms"": 0, ""timeout_exceeded"": false, ""rssi"": -41}, ""communication_mode"": ""BLUETOOTH-SIMULATED"", ""timestamp"": 16743, ""packets_received"": 138, ""kalman_data"": {""altitude"": 0.31, ""vertical_velocity"": 0.23}, ""kalman_altitude"": 0.31, ""kalman_vertical_velocity"": 0.23, ""pyroDrogue"": 0, ""pyroMain"": 0, ""pyro1_state"": 0, ""pyro2_state"": 0}"
1768313453.587116,2026-01-13T17:10:53.587116,0,0,0,-0.4,-0.12,0.58,-36,-2.2,-4.9,-2.9,-1.6,-1.2921,36.8219,1660,16856,858,27.1,0,0,0,0,14.8,-42,-0.27,0.24,BLUETOOTH-SIMULATED,"{""record_number"": 0, ""operation_mode"": 0, ""state"": 0, ""battery_voltage"": 14.8, ""wifi_rssi"": -42, ""acc_data"": {""ax"": -0.4, ""ay"": -0.12, ""az"": 0.58, ""pitch"": -36, ""roll"": -2.2}, ""gyro_data"": {""gx"": -4.9, ""gy"": -2.9, ""gz"": -1.6}, ""gps_data"": {""latitude"": -1.2921, ""longitude"": 36.8219, ""gps_altitude"": 1660, ""time"": 16856}, ""alt_data"": {""pressure"": 858, ""temperature"": 27.1, ""AGL"": 0, ""velocity"": 0, ""kalman_altitude"": -0.27, ""kalman_vertical_velocity"": 0.24}, ""chute_state"": {""pyro1_state"": 0, ""pyro2_state"": 0}, ""connection_status"": {""connected"": true, ""has_ever_connected"": true, ""packet_age_ms"": 0, ""timeout_exceeded"": false, ""rssi"": -42}, ""communication_mode"": ""BLUETOOTH-SIMULATED"", ""timestamp"": 16856, ""packets_received"": 139, ""kalman_data"": {""altitude"": -0.27, ""vertical_velocity"": 0.24}, ""kalman_altitude"": -0.27, ""kalman_vertical_velocity"": 0.24, ""pyroDrogue"": 0, ""pyroMain"": 0, ""pyro1_state"": 0, ""pyro2_state"": 0}"
1768313453.670041,2026-01-13T17:10:53.670041,0,0,0,-0.63,-0.04,0.77,-35.5,-2.3,-4.4,-1.7,-4.5,-1.2921,36.8219,1659.7,16969,857.96,26.6,0,0,0,0,14.8,-43,0.37,0.25,BLUETOOTH-SIMULATED,"{""record_number"": 0, ""operation_mode"": 0, ""state"": 0, ""battery_voltage"": 14.8, ""wifi_rssi"": -43, ""acc_data"": {""ax"": -0.63, ""ay"": -0.04, ""az"": 0.77, ""pitch"": -35.5, ""roll"": -2.3}, ""gyro_data"": {""gx"": -4.4, ""gy"": -1.7, ""gz"": -4.5}, ""gps_data"": {""latitude"": -1.2921, ""longitude"": 36.8219, ""gps_altitude"": 1659.7, ""time"": 16969}, ""alt_data"": {""pressure"": 857.96, ""temperature"": 26.6, ""AGL"": 0, ""velocity"": 0, ""kalman_altitude"": 0.37, ""kalman_vertical_velocity"": 0.25}, ""chute_state"": {""pyro1_state"": 0, ""pyro2_state"": 0}, ""connection_status"": {""connected"": true, ""has_ever_connected"": true, ""packet_age_ms"": 0, ""timeout_exceeded"": false, ""rssi"": -43}, ""communication_mode"": ""BLUETOOTH-SIMULATED"", ""timestamp"": 16969, ""packets_received"": 140, ""kalman_data"": {""altitude"": 0.37, ""vertical_velocity"": 0.25}, ""kalman_altitude"": 0.37, ""kalman_vertical_velocity"": 0.25, ""pyroDrogue"": 0, ""pyroMain"": 0, ""pyro1_state"": 0, ""pyro2_state"": 0}"
1768313453.744044,2026-01-13T17:10:53.744044,0,0,0,-0.61,-0.11,0.61,-36.1,-1.6,3.7,1.9,3.4,-1.2921,36.8219,1660.3,17082,858.05,26.7,0,0,0,0,14.8,-41,0.21,-0.23,BLUETOOTH-SIMULATED,"{""record_number"": 0, ""operation_mode"": 0, ""state"": 0, ""battery_voltage"": 14.8, ""wifi_rssi"": -41, ""acc_data"": {""ax"": -0.61, ""ay"": -0.11, ""az"": 0.61, ""pitch"": -36.1, ""roll"": -1.6}, ""gyro_data"": {""gx"": 3.7, ""gy"": 1.9, ""gz"": 3.4}, ""gps_data"": {""latitude"": -1.2921, ""longitude"": 36.8219, ""gps_altitude"": 1660.3, ""time"": 17082}, ""alt_data"": {""pressure"": 858.05, ""temperature"": 26.7, ""AGL"": 0, ""velocity"": 0, ""kalman_altitude"": 0.21, ""kalman_vertical_velocity"": -0.23}, ""chute_state"": {""pyro1_state"": 0, ""pyro2_state"": 0}, ""connection_status"": {""connected"": true, ""has_ever_connected"": true, ""packet_age_ms"": 0, ""timeout_exceeded"": false, ""rssi"": -41}, ""communication_mode"": ""BLUETOOTH-SIMULATED"", ""timestamp"": 17082, ""packets_received"": 141, ""kalman_data"": {""altitude"": 0.21, ""vertical_velocity"": -0.23}, ""kalman_altitude"": 0.21, ""kalman_vertical_velocity"": -0.23, ""pyroDrogue"": 0, ""pyroMain"": 0, ""pyro1_state"": 0, ""pyro2_state"": 0}"
1768313453.821645,2026-01-13T17:10:53.821645,0,0,0,-0.58,0.16,0.8,-36.3,-1.9,-1,-3.6,-3.1,-1.2921,36.8219,1657.8,17195,857.93,26.5,0,0,0,0,14.8,-47,0.47,0.05,BLUETOOTH-SIMULATED,"{""record_number"": 0, ""operation_mode"": 0, ""state"": 0, ""battery_voltage"": 14.8, ""wifi_rssi"": -47, ""acc_data"": {""ax"": -0.58, ""ay"": 0.16, ""az"": 0.8, ""pitch"": -36.3, ""roll"": -1.9}, ""gyro_data"": {""gx"": -1, ""gy"": -3.6, ""gz"": -3.1}, ""gps_data"": {""latitude"": -1.2921, ""longitude"": 36.8219, ""gps_altitude"": 1657.8, ""time"": 17195}, ""alt_data"": {""pressure"": 857.93, ""temperature"": 26.5, ""AGL"": 0, ""velocity"": 0, ""kalman_altitude"": 0.47, ""kalman_vertical_velocity"": 0.05}, ""chute_state"": {""pyro1_state"": 0, ""pyro2_state"": 0}, ""connection_status"": {""connected"": true, ""has_ever_connected"": true, ""packet_age_ms"": 0, ""timeout_exceeded"": false, ""rssi"": -47}, ""communication_mode"": ""BLUETOOTH-SIMULATED"", ""timestamp"": 17195, ""packets_received"": 142, ""kalman_data"": {""altitude"": 0.47, ""vertical_velocity"": 0.05}, ""kalman_altitude"": 0.47, ""kalman_vertical_velocity"": 0.05, ""pyroDrogue"": 0, ""pyroMain"": 0, ""pyro1_state"": 0, ""pyro2_state"": 0}"
1768313453.891507,2026-01-13T17:10:53.891507,0,0,0,-0.52,-0.1,0.82,-36,-1.9,-1.8,1,-2.4,-1.2921,36.8219,1659.1,17308,857.97,26.5,0,0,0,0,14.8,-45,-0.41,0.21,BLUETOOTH-SIMULATED,"{""record_number"": 0, ""operation_mode"": 0, ""state"": 0, ""battery_voltage"": 14.8, ""wifi_rssi"": -45, ""acc_data"": {""ax"": -0.52, ""ay"": -0.1, ""az"": 0.82, ""pitch"": -36, ""roll"": -1.9}, ""gyro_data"": {""gx"": -1.8, ""gy"": 1, ""gz"": -2.4}, ""gps_data"": {""latitude"": -1.2921, ""longitude"": 36.8219, ""gps_altitude"": 1659.1, ""time"": 17308}, ""alt_data"": {""pressure"": 857.97, ""temperature"": 26.5, ""AGL"": 0, ""velocity"": 0, ""kalman_altitude"": -0.41, ""kalman_vertical_velocity"": 0.21}, ""chute_state"": {""pyro1_state"": 0, ""pyro2_state"": 0}, ""connection_status"": {""connected"": true, ""has_ever_connected"": true, ""packet_age_ms"": 0, ""timeout_exceeded"": false, ""rssi"": -45}, ""communication_mode"": ""BLUETOOTH-SIMULATED"", ""timestamp"": 17308, ""packets_received"": 143, ""kalman_data"": {""altitude"": -0.41, ""vertical_velocity"": 0.21}, ""kalman_altitude"": -0.41, ""kalman_vertical_velocity"": 0.21, ""pyroDrogue"": 0, ""pyroMain"": 0, ""pyro1_state"": 0, ""pyro2_state"": 0}"
1768313454.272337,2026-01-13T17:10:54.272337,0,0,0,-0.42,0.12,0.5,-35.7,-1.9,-3.4,-2,-3.6,-1.2921,36.8219,1658.3,17421,858.03,27,0,0,0,0,14.8,-48,0.06,-0.18,BLUETOOTH-SIMULATED,"{""record_number"": 0, ""operation_mode"": 0, ""state"": 0, ""battery_voltage"": 14.8, ""wifi_rssi"": -48, ""acc_data"": {""ax"": -0.42, ""ay"": 0.12, ""az"": 0.5, ""pitch"": -35.7, ""roll"": -1.9}, ""gyro_data"": {""gx"": -3.4, ""gy"": -2, ""gz"": -3.6}, ""gps_data"": {""latitude"": -1.2921, ""longitude"": 36.8219, ""gps_altitude"": 1658.3, ""time"": 17421}, ""alt_data"": {""pressure"": 858.03, ""temperature"": 27, ""AGL"": 0, ""velocity"": 0, ""kalman_altitude"": 0.06, ""kalman_vertical_velocity"": -0.18}, ""chute_state"": {""pyro1_state"": 0, ""pyro2_state"": 0}, ""connection_status"": {""connected"": true, ""has_ever_connected"": true, ""packet_age_ms"": 0, ""timeout_exceeded"": false, ""rssi"": -48}, ""communication_mode"": ""BLUETOOTH-SIMULATED"", ""timestamp"": 17421, ""packets_received"": 144, ""kalman_data"": {""altitude"": 0.06, ""vertical_velocity"": -0.18}, ""kalman_altitude"": 0.06, ""kalman_vertical_velocity"": -0.18, ""pyroDrogue"": 0, ""pyroMain"": 0, ""pyro1_state"": 0, ""pyro2_state"": 0}"
1768313454.575588,2026-01-13T17:10:54.575588,0,0,0,-0.52,-0.09,0.72,-36,-1.5,3.7,4.7,0.9,-1.2921,36.8219,1657.7,17534,857.91,27.1,0,0,0,0,14.8,-44,0.01,-0.12,BLUETOOTH-SIMULATED,"{""record_number"": 0, ""operation_mode"": 0, ""state"": 0, ""battery_voltage"": 14.8, ""wifi_rssi"": -44, ""acc_data"": {""ax"": -0.52, ""ay"": -0.09, ""az"": 0.72, ""pitch"": -36, ""roll"": -1.5}, ""gyro_data"": {""gx"": 3.7, ""gy"": 4.7, ""gz"": 0.9}, ""gps_data"": {""latitude"": -1.2921, ""longitude"": 36.8219, ""gps_altitude"": 1657.7, ""time"": 17534}, ""alt_data"": {""pressure"": 857.91, ""temperature"": 27.1, ""AGL"": 0, ""velocity"": 0, ""kalman_altitude"": 0.01, ""kalman_vertical_velocity"": -0.12}, ""chute_state"": {""pyro1_state"": 0, ""pyro2_state"": 0}, ""connection_status"": {""connected"": true, ""has_ever_connected"": true, ""packet_age_ms"": 0, ""timeout_exceeded"": false, ""rssi"": -44}, ""communication_mode"": ""BLUETOOTH-SIMULATED"", ""timestamp"": 17534, ""packets_received"": 145, ""kalman_data"": {""altitude"": 0.01, ""vertical_velocity"": -0.12}, ""kalman_altitude"": 0.01, ""kalman_vertical_velocity"": -0.12, ""pyroDrogue"": 0, ""pyroMain"": 0, ""pyro1_state"": 0, ""pyro2_state"": 0}"
1768313454.628584,2026-01-13T17:10:54.628584,0,0,0,-0.59,0.05,0.68,-35.2,-2.9,2.8,1.1,-4.4,-1.2921,36.8219,1662.7,17647,858.03,26.2,0,0,0,0,14.8,-45,0.1,0.13,BLUETOOTH-SIMULATED,"{""record_number"": 0, ""operation_mode"": 0, ""state"": 0, ""battery_voltage"": 14.8, ""wifi_rssi"": -45, ""acc_data"": {""ax"": -0.59, ""ay"": 0.05, ""az"": 0.68, ""pitch"": -35.2, ""roll"": -2.9}, ""gyro_data"": {""gx"": 2.8, ""gy"": 1.1, ""gz"": -4.4}, ""gps_data"": {""latitude"": -1.2921, ""longitude"": 36.8219, ""gps_altitude"": 1662.7, ""time"": 17647}, ""alt_data"": {""pressure"": 858.03, ""temperature"": 26.2, ""AGL"": 0, ""velocity"": 0, ""kalman_altitude"": 0.1, ""kalman_vertical_velocity"": 0.13}, ""chute_state"": {""pyro1_state"": 0, ""pyro2_state"": 0}, ""connection_status"": {""connected"": true, ""has_ever_connected"": true, ""packet_age_ms"": 0, ""timeout_exceeded"": false, ""rssi"": -45}, ""communication_mode"": ""BLUETOOTH-SIMULATED"", ""timestamp"": 17647, ""packets_received"": 146, ""kalman_data"": {""altitude"": 0.1, ""vertical_velocity"": 0.13}, ""kalman_altitude"": 0.1, ""kalman_vertical_velocity"": 0.13, ""pyroDrogue"": 0, ""pyroMain"": 0, ""pyro1_state"": 0, ""pyro2_state"": 0}"
1768313454.759299,2026-01-13T17:10:54.759299,0,0,0,-0.55,-0.15,0.7,-35.8,-2.6,-1.5,2.1,-3.2,-1.2921,36.8219,1664.1,17760,857.94,26.5,0,0,0,0,14.8,-49,-0.06,-0.19,BLUETOOTH-SIMULATED,"{""record_number"": 0, ""operation_mode"": 0, ""state"": 0, ""battery_voltage"": 14.8, ""wifi_rssi"": -49, ""acc_data"": {""ax"": -0.55, ""ay"": -0.15, ""az"": 0.7, ""pitch"": -35.8, ""roll"": -2.6}, ""gyro_data"": {""gx"": -1.5, ""gy"": 2.1, ""gz"": -3.2}, ""gps_data"": {""latitude"": -1.2921, ""longitude"": 36.8219, ""gps_altitude"": 1664.1, ""time"": 17760}, ""alt_data"": {""pressure"": 857.94, ""temperature"": 26.5, ""AGL"": 0, ""velocity"": 0, ""kalman_altitude"": -0.06, ""kalman_vertical_velocity"": -0.19}, ""chute_state"": {""pyro1_state"": 0, ""pyro2_state"": 0}, ""connection_status"": {""connected"": true, ""has_ever_connected"": true, ""packet_age_ms"": 0, ""timeout_exceeded"": false, ""rssi"": -49}, ""communication_mode"": ""BLUETOOTH-SIMULATED"", ""timestamp"": 17760, ""packets_received"": 147, ""kalman_data"": {""altitude"": -0.06, ""vertical_velocity"": -0.19}, ""kalman_altitude"": -0.06, ""kalman_vertical_velocity"": -0.19, ""pyroDrogue"": 0, ""pyroMain"": 0, ""pyro1_state"": 0, ""pyro2_state"": 0}"
1768313454.868301,2026-01-13T17:10:54.868301,0,0,0,-0.55,0.17,0.69,-36.5,-1.7,-4.9,-1.6,1.2,-1.2921,36.8219,1658.8,17873,858.01,26.6,0,0,0,0,14.8,-49,-0.33,-0.22,BLUETOOTH-SIMULATED,"{""record_number"": 0, ""operation_mode"": 0, ""state"": 0, ""battery_voltage"": 14.8, ""wifi_rssi"": -49, ""acc_data"": {""ax"": -0.55, ""ay"": 0.17, ""az"": 0.69, ""pitch"": -36.5, ""roll"": -1.7}, ""gyro_data"": {""gx"": -4.9, ""gy"": -1.6, ""gz"": 1.2}, ""gps_data"": {""latitude"": -1.2921, ""longitude"": 36.8219, ""gps_altitude"": 1658.8, ""time"": 17873}, ""alt_data"": {""pressure"": 858.01, ""temperature"": 26.6, ""AGL"": 0, ""velocity"": 0, ""kalman_altitude"": -0.33, ""kalman_vertical_velocity"": -0.22}, ""chute_state"": {""pyro1_state"": 0, ""pyro2_state"": 0}, ""connection_status"": {""connected"": true, ""has_ever_connected"": true, ""packet_age_ms"": 0, ""timeout_exceeded"": false, ""rssi"": -49}, ""communication_mode"": ""BLUETOOTH-SIMULATED"", ""timestamp"": 17873, ""packets_received"": 148, ""kalman_data"": {""altitude"": -0.33, ""vertical_velocity"": -0.22}, ""kalman_altitude"": -0.33, ""kalman_vertical_velocity"": -0.22, ""pyroDrogue"": 0, ""pyroMain"": 0, ""pyro1_state"": 0, ""pyro2_state"": 0}"
1768313454.928301,2026-01-13T17:10:54.928301,0,0,0,-0.53,-0.07,0.65,-35.8,-1.2,1.1,-3.5,4.8,-1.2921,36.8219,1661.1,17986,858.02,27,0,0,0,0,14.8,-48,0.24,-0.12,BLUETOOTH-SIMULATED,"{""record_number"": 0, ""operation_mode"": 0, ""state"": 0, ""battery_voltage"": 14.8, ""wifi_rssi"": -48, ""acc_data"": {""ax"": -0.53, ""ay"": -0.07, ""az"": 0.65, ""pitch"": -35.8, ""roll"": -1.2}, ""gyro_data"": {""gx"": 1.1, ""gy"": -3.5, ""gz"": 4.8}, ""gps_data"": {""latitude"": -1.2921, ""longitude"": 36.8219, ""gps_altitude"": 1661.1, ""time"": 17986}, ""alt_data"": {""pressure"": 858.02, ""temperature"": 27, ""AGL"": 0, ""velocity"": 0, ""kalman_altitude"": 0.24, ""kalman_vertical_velocity"": -0.12}, ""chute_state"": {""pyro1_state"": 0, ""pyro2_state"": 0}, ""connection_status"": {""connected"": true, ""has_ever_connected"": true, ""packet_age_ms"": 0, ""timeout_exceeded"": false, ""rssi"": -48}, ""communication_mode"": ""BLUETOOTH-SIMULATED"", ""timestamp"": 17986, ""packets_received"": 149, ""kalman_data"": {""altitude"": 0.24, ""vertical_velocity"": -0.12}, ""kalman_altitude"": 0.24, ""kalman_vertical_velocity"": -0.12, ""pyroDrogue"": 0, ""pyroMain"": 0, ""pyro1_state"": 0, ""pyro2_state"": 0}"
1768313455.027971,2026-01-13T17:10:55.027971,0,0,0,-0.75,-0.16,0.87,-37,-2.1,-3,-0.4,0,-1.2921,36.8219,1663.9,18099,857.94,27,0,0,0,0,14.8,-50,-0.16,-0.05,BLUETOOTH-SIMULATED,"{""record_number"": 0, ""operation_mode"": 0, ""state"": 0, ""battery_voltage"": 14.8, ""wifi_rssi"": -50, ""acc_data"": {""ax"": -0.75, ""ay"": -0.16, ""az"": 0.87, ""pitch"": -37, ""roll"": -2.1}, ""gyro_data"": {""gx"": -3, ""gy"": -0.4, ""gz"": 0}, ""gps_data"": {""latitude"": -1.2921, ""longitude"": 36.8219, ""gps_altitude"": 1663.9, ""time"": 18099}, ""alt_data"": {""pressure"": 857.94, ""temperature"": 27, ""AGL"": 0, ""velocity"": 0, ""kalman_altitude"": -0.16, ""kalman_vertical_velocity"": -0.05}, ""chute_state"": {""pyro1_state"": 0, ""pyro2_state"": 0}, ""connection_status"": {""connected"": true, ""has_ever_connected"": true, ""packet_age_ms"": 0, ""timeout_exceeded"": false, ""rssi"": -50}, ""communication_mode"": ""BLUETOOTH-SIMULATED"", ""timestamp"": 18099, ""packets_received"": 150, ""kalman_data"": {""altitude"": -0.16, ""vertical_velocity"": -0.05}, ""kalman_altitude"": -0.16, ""kalman_vertical_velocity"": -0.05, ""pyroDrogue"": 0, ""pyroMain"": 0, ""pyro1_state"": 0, ""pyro2_state"": 0}"
1768313455.536172,2026-01-13T17:10:55.536172,0,0,0,-0.51,0.01,0.58,-36.8,-2.8,1.2,3.3,3.5,-1.2921,36.8219,1664.3,18212,857.94,26.3,0,0,0,0,14.8,-48,0.06,-0.18,BLUETOOTH-SIMULATED,"{""record_number"": 0, ""operation_mode"": 0, ""state"": 0, ""battery_voltage"": 14.8, ""wifi_rssi"": -48, ""acc_data"": {""ax"": -0.51, ""ay"": 0.01, ""az"": 0.58, ""pitch"": -36.8, ""roll"": -2.8}, ""gyro_data"": {""gx"": 1.2, ""gy"": 3.3, ""gz"": 3.5}, ""gps_data"": {""latitude"": -1.2921, ""longitude"": 36.8219, ""gps_altitude"": 1664.3, ""time"": 18212}, ""alt_data"": {""pressure"": 857.94, ""temperature"": 26.3, ""AGL"": 0, ""velocity"": 0, ""kalman_altitude"": 0.06, ""kalman_vertical_velocity"": -0.18}, ""chute_state"": {""pyro1_state"": 0, ""pyro2_state"": 0}, ""connection_status"": {""connected"": true, ""has_ever_connected"": true, ""packet_age_ms"": 0, ""timeout_exceeded"": false, ""rssi"": -48}, ""communication_mode"": ""BLUETOOTH-SIMULATED"", ""timestamp"": 18212, ""packets_received"": 151, ""kalman_data"": {""altitude"": 0.06, ""vertical_velocity"": -0.18}, ""kalman_altitude"": 0.06, ""kalman_vertical_velocity"": -0.18, ""pyroDrogue"": 0, ""pyroMain"": 0, ""pyro1_state"": 0, ""pyro2_state"": 0}"
1768313455.835799,2026-01-13T17:10:55.835799,0,0,0,-0.75,-0.21,0.78,-35.2,-2,3.4,-0.6,3.1,-1.2921,36.8219,1665.2,18325,857.98,26.7,0,0,0,0,14.8,-45,-0.03,-0.03,BLUETOOTH-SIMULATED,"{""record_number"": 0, ""operation_mode"": 0, ""state"": 0, ""battery_voltage"": 14.8, ""wifi_rssi"": -45, ""acc_data"": {""ax"": -0.75, ""ay"": -0.21, ""az"": 0.78, ""pitch"": -35.2, ""roll"": -2}, ""gyro_data"": {""gx"": 3.4, ""gy"": -0.6, ""gz"": 3.1}, ""gps_data"": {""latitude"": -1.2921, ""longitude"": 36.8219, ""gps_altitude"": 1665.2, ""time"": 18325}, ""alt_data"": {""pressure"": 857.98, ""temperature"": 26.7, ""AGL"": 0, ""velocity"": 0, ""kalman_altitude"": -0.03, ""kalman_vertical_velocity"": -0.03}, ""chute_state"": {""pyro1_state"": 0, ""pyro2_state"": 0}, ""connection_status"": {""connected"": true, ""has_ever_connected"": true, ""packet_age_ms"": 0, ""timeout_exceeded"": false, ""rssi"": -45}, ""communication_mode"": ""BLUETOOTH-SIMULATED"", ""timestamp"": 18325, ""packets_received"": 152, ""kalman_data"": {""altitude"": -0.03, ""vertical_velocity"": -0.03}, ""kalman_altitude"": -0.03, ""kalman_vertical_velocity"": -0.03, ""pyroDrogue"": 0, ""pyroMain"": 0, ""pyro1_state"": 0, ""pyro2_state"": 0}"
1768313456.0773,2026-01-13T17:10:56.077300,0,0,0,-0.6,-0.05,0.68,-36.5,-2.4,-0.4,3.4,-2.7,-1.2921,36.8219,1662.4,18438,857.99,27,0,0,0,0,14.8,-42,0.17,-0.12,BLUETOOTH-SIMULATED,"{""record_number"": 0, ""operation_mode"": 0, ""state"": 0, ""battery_voltage"": 14.8, ""wifi_rssi"": -42, ""acc_data"": {""ax"": -0.6, ""ay"": -0.05, ""az"": 0.68, ""pitch"": -36.5, ""roll"": -2.4}, ""gyro_data"": {""gx"": -0.4, ""gy"": 3.4, ""gz"": -2.7}, ""gps_data"": {""latitude"": -1.2921, ""longitude"": 36.8219, ""gps_altitude"": 1662.4, ""time"": 18438}, ""alt_data"": {""pressure"": 857.99, ""temperature"": 27, ""AGL"": 0, ""velocity"": 0, ""kalman_altitude"": 0.17, ""kalman_vertical_velocity"": -0.12}, ""chute_state"": {""pyro1_state"": 0, ""pyro2_state"": 0}, ""connection_status"": {""connected"": true, ""has_ever_connected"": true, ""packet_age_ms"": 0, ""timeout_exceeded"": false, ""rssi"": -42}, ""communication_mode"": ""BLUETOOTH-SIMULATED"", ""timestamp"": 18438, ""packets_received"": 153, ""kalman_data"": {""altitude"": 0.17, ""vertical_velocity"": -0.12}, ""kalman_altitude"": 0.17, ""kalman_vertical_velocity"": -0.12, ""pyroDrogue"": 0, ""pyroMain"": 0, ""pyro1_state"": 0, ""pyro2_state"": 0}"
1768313456.465374,2026-01-13T17:10:56.465374,0,0,0,-0.43,-0.05,0.55,-36.9,-1.1,-4.5,-4.2,-1.5,-1.2921,36.8219,1664.3,18551,858.05,26.7,0,0,0,0,14.8,-45,0.49,-0.11,BLUETOOTH-SIMULATED,"{""record_number"": 0, ""operation_mode"": 0, ""state"": 0, ""battery_voltage"": 14.8, ""wifi_rssi"": -45, ""acc_data"": {""ax"": -0.43, ""ay"": -0.05, ""az"": 0.55, ""pitch"": -36.9, ""roll"": -1.1}, ""gyro_data"": {""gx"": -4.5, ""gy"": -4.2, ""gz"": -1.5}, ""gps_data"": {""latitude"": -1.2921, ""longitude"": 36.8219, ""gps_altitude"": 1664.3, ""time"": 18551}, ""alt_data"": {""pressure"": 858.05, ""temperature"": 26.7, ""AGL"": 0, ""velocity"": 0, ""kalman_altitude"": 0.49, ""kalman_vertical_velocity"": -0.11}, ""chute_state"": {""pyro1_state"": 0, ""pyro2_state"": 0}, ""connection_status"": {""connected"": true, ""has_ever_connected"": true, ""packet_age_ms"": 0, ""timeout_exceeded"": false, ""rssi"": -45}, ""communication_mode"": ""BLUETOOTH-SIMULATED"", ""timestamp"": 18551, ""packets_received"": 154, ""kalman_data"": {""altitude"": 0.49, ""vertical_velocity"": -0.11}, ""kalman_altitude"": 0.49, ""kalman_vertical_velocity"": -0.11, ""pyroDrogue"": 0, ""pyroMain"": 0, ""pyro1_state"": 0, ""pyro2_state"": 0}"
1768313456.675504,2026-01-13T17:10:56.675504,0,0,0,-0.69,0.13,0.54,-36.1,-2.5,-1.7,1.3,-4.5,-1.2921,36.8219,1665.9,18664,857.95,26.6,0,0,0,0,14.8,-50,0.12,0,BLUETOOTH-SIMULATED,"{""record_number"": 0, ""operation_mode"": 0, ""state"": 0, ""battery_voltage"": 14.8, ""wifi_rssi"": -50, ""acc_data"": {""ax"": -0.69, ""ay"": 0.13, ""az"": 0.54, ""pitch"": -36.1, ""roll"": -2.5}, ""gyro_data"": {""gx"": -1.7, ""gy"": 1.3, ""gz"": -4.5}, ""gps_data"": {""latitude"": -1.2921, ""longitude"": 36.8219, ""gps_altitude"": 1665.9, ""time"": 18664}, ""alt_data"": {""pressure"": 857.95, ""temperature"": 26.6, ""AGL"": 0, ""velocity"": 0, ""kalman_altitude"": 0.12, ""kalman_vertical_velocity"": 0}, ""chute_state"": {""pyro1_state"": 0, ""pyro2_state"": 0}, ""connection_status"": {""connected"": true, ""has_ever_connected"": true, ""packet_age_ms"": 0, ""timeout_exceeded"": false, ""rssi"": -50}, ""communication_mode"": ""BLUETOOTH-SIMULATED"", ""timestamp"": 18664, ""packets_received"": 155, ""kalman_data"": {""altitude"": 0.12, ""vertical_velocity"": 0}, ""kalman_altitude"": 0.12, ""kalman_vertical_velocity"": 0, ""pyroDrogue"": 0, ""pyroMain"": 0, ""pyro1_state"": 0, ""pyro2_state"": 0}"
1768313456.991641,2026-01-13T17:10:56.991641,0,0,0,-0.46,-0.13,0.85,-36.3,-2.5,-0.3,-1.5,1.2,-1.2921,36.8219,1665.8,18777,858.06,26.3,0,0,0,0,14.8,-44,0.31,-0.1,BLUETOOTH-SIMULATED,"{""record_number"": 0, ""operation_mode"": 0, ""state"": 0, ""battery_voltage"": 14.8, ""wifi_rssi"": -44, ""acc_data"": {""ax"": -0.46, ""ay"": -0.13, ""az"": 0.85, ""pitch"": -36.3, ""roll"": -2.5}, ""gyro_data"": {""gx"": -0.3, ""gy"": -1.5, ""gz"": 1.2}, ""gps_data"": {""latitude"": -1.2921, ""longitude"": 36.8219, ""gps_altitude"": 1665.8, ""time"": 18777}, ""alt_data"": {""pressure"": 858.06, ""temperature"": 26.3, ""AGL"": 0, ""velocity"": 0, ""kalman_altitude"": 0.31, ""kalman_vertical_velocity"": -0.1}, ""chute_state"": {""pyro1_state"": 0, ""pyro2_state"": 0}, ""connection_status"": {""connected"": true, ""has_ever_connected"": true, ""packet_age_ms"": 0, ""timeout_exceeded"": false, ""rssi"": -44}, ""communication_mode"": ""BLUETOOTH-SIMULATED"", ""timestamp"": 18777, ""packets_received"": 156, ""kalman_data"": {""altitude"": 0.31, ""vertical_velocity"": -0.1}, ""kalman_altitude"": 0.31, ""kalman_vertical_velocity"": -0.1, ""pyroDrogue"": 0, ""pyroMain"": 0, ""pyro1_state"": 0, ""pyro2_state"": 0}"
1768313457.56089,2026-01-13T17:10:57.560890,0,0,0,-0.74,-0.16,0.8,-36.1,-1.6,-0.2,4.1,-1.9,-1.2921,36.8219,1663.1,18890,858.07,26.9,0,0,0,0,14.8,-43,-0.39,-0.07,BLUETOOTH-SIMULATED,"{""record_number"": 0, ""operation_mode"": 0, ""state"": 0, ""battery_voltage"": 14.8, ""wifi_rssi"": -43, ""acc_data"": {""ax"": -0.74, ""ay"": -0.16, ""az"": 0.8, ""pitch"": -36.1, ""roll"": -1.6}, ""gyro_data"": {""gx"": -0.2, ""gy"": 4.1, ""gz"": -1.9}, ""gps_data"": {""latitude"": -1.2921, ""longitude"": 36.8219, ""gps_altitude"": 1663.1, ""time"": 18890}, ""alt_data"": {""pressure"": 858.07, ""temperature"": 26.9, ""AGL"": 0, ""velocity"": 0, ""kalman_altitude"": -0.39, ""kalman_vertical_velocity"": -0.07}, ""chute_state"": {""pyro1_state"": 0, ""pyro2_state"": 0}, ""connection_status"": {""connected"": true, ""has_ever_connected"": true, ""packet_age_ms"": 0, ""timeout_exceeded"": false, ""rssi"": -43}, ""communication_mode"": ""BLUETOOTH-SIMULATED"", ""timestamp"": 18890, ""packets_received"": 157, ""kalman_data"": {""altitude"": -0.39, ""vertical_velocity"": -0.07}, ""kalman_altitude"": -0.39, ""kalman_vertical_velocity"": -0.07, ""pyroDrogue"": 0, ""pyroMain"": 0, ""pyro1_state"": 0, ""pyro2_state"": 0}"
1768313457.778038,2026-01-13T17:10:57.778038,0,0,0,-0.6,0.16,0.53,-36,-2.8,-0.7,-5,1.2,-1.2921,36.8219,1660.2,19003,857.95,27.1,0,0,0,0,14.8,-44,-0.18,-0.21,BLUETOOTH-SIMULATED,"{""record_number"": 0, ""operation_mode"": 0, ""state"": 0, ""battery_voltage"": 14.8, ""wifi_rssi"": -44, ""acc_data"": {""ax"": -0.6, ""ay"": 0.16, ""az"": 0.53, ""pitch"": -36, ""roll"": -2.8}, ""gyro_data"": {""gx"": -0.7, ""gy"": -5, ""gz"": 1.2}, ""gps_data"": {""latitude"": -1.2921, ""longitude"": 36.8219, ""gps_altitude"": 1660.2, ""time"": 19003}, ""alt_data"": {""pressure"": 857.95, ""temperature"": 27.1, ""AGL"": 0, ""velocity"": 0, ""kalman_altitude"": -0.18, ""kalman_vertical_velocity"": -0.21}, ""chute_state"": {""pyro1_state"": 0, ""pyro2_state"": 0}, ""connection_status"": {""connected"": true, ""has_ever_connected"": true, ""packet_age_ms"": 0, ""timeout_exceeded"": false, ""rssi"": -44}, ""communication_mode"": ""BLUETOOTH-SIMULATED"", ""timestamp"": 19003, ""packets_received"": 158, ""kalman_data"": {""altitude"": -0.18, ""vertical_velocity"": -0.21}, ""kalman_altitude"": -0.18, ""kalman_vertical_velocity"": -0.21, ""pyroDrogue"": 0, ""pyroMain"": 0, ""pyro1_state"": 0, ""pyro2_state"": 0}"
