KNO3 (%),Sorbitol (%),Mass KNO3 (g),Mass Sorbitol (g),C*,Density,Chamber Cp/Cv,Chamber Temp,Isp*,Molecular Weight
50.0,50.0,726.8,986.83,,,,,,
50.25,49.75,730.43,981.9,,,,,,
50.5,49.5,734.07,976.96,,,,,,
50.75,49.25,737.7,972.03,,,,,,
51.0,49.0,741.34,967.09,,,,,,
51.25,48.75,744.97,962.16,,,,,,
51.5,48.5,748.6,957.23,,,,,,
51.75,48.25,752.24,952.29,,,,,,
52.0,48.0,755.87,947.36,,,,,,
52.25,47.75,759.51,942.42,,,,,,
52.5,47.5,763.14,937.49,,,,,,
52.75,47.25,766.77,932.56,,,,,,
53.0,47.0,770.41,927.62,,,,,,
53.25,46.75,774.04,922.69,,,,,,
53.5,46.5,777.68,917.75,,,,,,
53.75,46.25,781.31,912.82,,,,,,
54.0,46.0,784.94,907.89,,,,,,
54.25,45.75,788.58,902.95,,,,,,
54.5,45.5,792.21,898.02,,,,,,
54.75,45.25,795.85,893.08,,,,,,
55.0,45.0,799.48,888.15,,,,,,
55.25,44.75,803.11,883.22,,,,,,
55.5,44.5,806.75,878.28,,,,,,
55.75,44.25,810.38,873.35,,,,,,
56.0,44.0,814.02,868.4,,,,,,
56.25,43.75,817.65,863.48,,,,,,
56.5,43.5,821.28,858.55,,,,,,
56.75,43.25,824.92,853.6,,,,,,
57.0,43.0,828.55,848.68,,,,,,
57.25,42.75,832.19,843.73,,,,,,
57.5,42.5,835.82,838.81,,,,,,
57.75,42.25,839.45,833.88,,,,,,
58.0,42.0,843.09,828.93,,,,,,
58.25,41.75,846.72,824.01,,,,,,
58.5,41.5,850.36,819.06,,,,,,
58.75,41.25,853.99,814.13,,,,,,
59.0,41.0,857.62,809.21,,,,,,
59.25,40.75,861.26,804.26,,,,,,
59.5,40.5,864.89,799.33,,,,,,
59.75,40.25,868.53,794.39,,,,,,
60.0,40.0,872.16,789.46,,,,,,
60.25,39.75,875.79,784.53,,,,,,
60.5,39.5,879.43,779.59,,,,,,
60.75,39.25,883.06,774.66,,,,,,
61.0,39.0,886.7,769.72,,,,,,
61.25,38.75,890.33,764.79,,,,,,
61.5,38.5,893.96,759.86,,,,,,
61.75,38.25,897.6,754.92,,,,,,
62.0,38.0,901.23,749.99,,,,,,
62.25,37.75,904.87,745.05,,,,,,
62.5,37.5,908.5,740.12,,,,,,
62.75,37.25,912.13,735.19,,,,,,
63.0,37.0,915.77,730.25,,,,,,
63.25,36.75,919.4,725.32,,,,,,
63.5,36.5,923.04,720.38,,,,,,
63.75,36.25,926.67,715.45,,,,,,
64.0,36.0,930.3,710.52,,,,,,
64.25,35.75,933.94,705.58,,,,,,
64.5,35.5,937.57,700.65,,,,,,
64.75,35.25,941.21,695.71,,,,,,
65.0,35.0,944.84,690.78,,,,,,
65.25,34.75,948.47,685.85,,,,,,
65.5,34.5,952.11,680.91,,,,,,
65.75,34.25,955.74,675.98,,,,,,
66.0,34.0,959.38,671.04,,,,,,
66.25,33.75,963.01,666.11,,,,,,
66.5,33.5,966.64,661.18,,,,,,
66.75,33.25,970.28,656.24,,,,,,
67.0,33.0,973.91,651.31,,,,,,
67.25,32.75,977.55,646.37,,,,,,
67.5,32.5,981.18,641.44,,,,,,
67.75,32.25,984.81,636.51,,,,,,
68.0,32.0,988.45,631.57,,,,,,
68.25,31.75,992.08,626.64,,,,,,
68.5,31.5,995.72,621.7,,,,,,
68.75,31.25,999.35,616.77,,,,,,
69.0,31.0,1002.98,611.84,,,,,,
69.25,30.75,1006.62,606.9,,,,,,
69.5,30.5,1010.25,601.97,,,,,,
69.75,30.25,1013.89,597.03,,,,,,
70.0,30.0,1017.52,592.1,,,,,,
70.25,29.75,1021.15,587.17,,,,,,
70.5,29.5,1024.79,582.23,,,,,,
70.75,29.25,1028.42,577.3,,,,,,
71.0,29.0,1032.06,572.36,,,,,,
71.25,28.75,1035.69,567.43,,,,,,
71.5,28.5,1039.32,562.5,,,,,,
71.75,28.25,1042.96,557.56,,,,,,
72.0,28.0,1046.59,552.63,,,,,,
72.25,27.75,1050.23,547.68,,,,,,
72.5,27.5,1053.86,542.76,,,,,,
72.75,27.25,1057.49,537.83,,,,,,
73.0,27.0,1061.13,532.89,,,,,,
73.25,26.75,1064.76,527.96,,,,,,
73.5,26.5,1068.4,523.01,,,,,,
73.75,26.25,1072.03,518.09,,,,,,
74.0,26.0,1075.66,513.16,,,,,,
74.25,25.75,1079.3,508.21,,,,,,
74.5,25.5,1082.93,503.29,,,,,,
74.75,25.25,1086.57,498.34,,,,,,
75.0,25.0,1090.2,493.41,,,,,,
75.25,24.75,1093.83,488.49,,,,,,
75.5,24.5,1097.47,483.54,,,,,,
75.75,24.25,1101.1,478.62,,,,,,
76.0,24.0,1104.74,473.67,,,,,,
76.25,23.75,1108.37,468.74,,,,,,
76.5,23.5,1112.0,463.82,,,,,,
76.75,23.25,1115.64,458.87,,,,,,
77.0,23.0,1119.27,453.94,,,,,,
77.25,22.75,1122.91,449.0,,,,,,
77.5,22.5,1126.54,444.07,,,,,,
77.75,22.25,1130.17,439.14,,,,,,
78.0,22.0,1133.81,434.2,,,,,,
78.25,21.75,1137.44,429.27,,,,,,
78.5,21.5,1141.08,424.33,,,,,,
78.75,21.25,1144.71,419.4,,,,,,
79.0,21.0,1148.34,414.47,,,,,,
79.25,20.75,1151.98,409.53,,,,,,
79.5,20.5,1155.61,404.6,,,,,,
79.75,20.25,1159.25,399.66,,,,,,
80.0,20.0,1162.88,394.73,,,,,,
80.25,19.75,1166.51,389.8,,,,,,
80.5,19.5,1170.15,384.86,,,,,,
80.75,19.25,1173.78,379.93,,,,,,
81.0,19.0,1177.42,374.99,,,,,,
81.25,18.75,1181.05,370.06,,,,,,
81.5,18.5,1184.68,365.13,,,,,,
81.75,18.25,1188.32,360.19,,,,,,
82.0,18.0,1191.95,355.26,,,,,,
82.25,17.75,1195.59,350.32,,,,,,
82.5,17.5,1199.22,345.39,,,,,,
82.75,17.25,1202.85,340.46,,,,,,
83.0,17.0,1206.49,335.52,,,,,,
83.25,16.75,1210.12,330.59,,,,,,
83.5,16.5,1213.76,325.65,,,,,,
83.75,16.25,1217.39,320.72,,,,,,
84.0,16.0,1221.02,315.79,,,,,,
84.25,15.75,1224.66,310.85,,,,,,
84.5,15.5,1228.29,305.92,,,,,,
84.75,15.25,1231.93,300.98,,,,,,
85.0,15.0,1235.56,296.05,,,,,,
85.25,14.75,1239.19,291.12,,,,,,
85.5,14.5,1242.83,286.18,,,,,,
85.75,14.25,1246.46,281.25,,,,,,
86.0,14.0,1250.1,276.31,,,,,,
86.25,13.75,1253.73,271.38,,,,,,
86.5,13.5,1257.36,266.45,,,,,,
86.75,13.25,1261.0,261.51,,,,,,
87.0,13.0,1264.63,256.58,,,,,,
87.25,12.75,1268.27,251.64,,,,,,
87.5,12.5,1271.9,246.71,,,,,,
87.75,12.25,1275.53,241.78,,,,,,
88.0,12.0,1279.17,236.84,,,,,,
88.25,11.75,1282.8,231.91,,,,,,
88.5,11.5,1286.44,226.97,,,,,,
88.75,11.25,1290.07,222.04,,,,,,
89.0,11.0,1293.7,217.11,,,,,,
89.25,10.75,1297.34,212.17,,,,,,
89.5,10.5,1300.97,207.24,,,,,,
89.75,10.25,1304.61,202.29,,,,,,
90.0,10.0,1308.24,197.37,,,,,,
