2025-02-11T16:39:10.347Z,2,,,,,,,,,
2025-02-11T16:39:10.347Z,1,,,,,,,,,
2025-02-11T16:39:10.347Z,2,,,,,,,,,
2025-02-11T16:39:10.347Z,6,,,,,,,,,
2025-02-11T16:39:10.347Z,5,,,,,,,,,
2025-02-11T16:39:10.347Z,1,,,,,,,,,
2025-02-11T16:39:10.347Z,2,,,,,,,,,
2025-02-11T16:39:10.347Z,0,,,,,,,,,
2025-02-11T16:39:10.347Z,3,,,,,,,,,
2025-02-11T16:39:10.347Z,6,,,,,,,,,
2025-02-11T16:39:10.347Z,1,,,,,,,,,
2025-02-11T16:39:10.347Z,4,,,,,,,,,
2025-02-11T16:39:10.347Z,2,,,,,,,,,
2025-02-11T16:39:10.347Z,5,,,,,,,,,
2025-02-11T16:39:10.347Z,2,,,,,,,,,
2025-02-11T16:39:10.347Z,4,,,,,,,,,
2025-02-11T16:39:10.347Z,0,,,,,,,,,
2025-02-11T16:39:10.347Z,2,,,,,,,,,
2025-02-11T16:39:10.347Z,4,,,,,,,,,
2025-02-11T16:39:10.347Z,3,,,,,,,,,
2025-02-11T16:39:10.347Z,1,,,,,,,,,
2025-02-11T16:39:10.347Z,6,,,,,,,,,
2025-02-11T16:39:10.347Z,1,,,,,,,,,
2025-02-11T16:39:10.347Z,4,,,,,,,,,
2025-02-11T16:39:10.347Z,0,,,,,,,,,
2025-02-11T16:39:10.347Z,4,,,,,,,,,
2025-02-11T16:39:10.347Z,2,,,,,,,,,
2025-02-11T16:39:10.347Z,6,,,,,,,,,
2025-02-11T16:39:10.347Z,0,,,,,,,,,
2025-02-11T16:39:10.348Z,4,,,,,,,,,
2025-02-11T16:39:10.348Z,0,,,,,,,,,
2025-02-11T16:39:10.348Z,4,,,,,,,,,
2025-02-11T16:39:10.348Z,5,,,,,,,,,
2025-02-11T16:39:10.348Z,0,,,,,,,,,
2025-02-11T16:39:10.348Z,6,,,,,,,,,
2025-02-11T16:39:10.348Z,0,,,,,,,,,
2025-02-11T16:39:10.348Z,1,,,,,,,,,
2025-02-11T16:39:10.348Z,1,,,,,,,,,
2025-02-11T16:39:10.348Z,0,,,,,,,,,
2025-02-11T16:39:10.348Z,6,,,,,,,,,
2025-02-11T16:39:10.348Z,4,,,,,,,,,
2025-02-11T16:39:10.348Z,4,,,,,,,,,
2025-02-11T16:39:10.348Z,4,,,,,,,,,
2025-02-11T16:39:10.348Z,1,,,,,,,,,
2025-02-11T16:39:10.348Z,0,,,,,,,,,
2025-02-11T16:39:10.348Z,1,,,,,,,,,
2025-02-11T16:39:10.348Z,3,,,,,,,,,
2025-02-11T16:39:10.348Z,1,,,,,,,,,
2025-02-11T16:39:10.348Z,2,,,,,,,,,
2025-02-11T16:39:10.348Z,4,,,,,,,,,
2025-02-11T16:39:10.348Z,5,,,,,,,,,
2025-02-11T16:39:10.348Z,0,,,,,,,,,
2025-02-11T16:39:10.348Z,1,,,,,,,,,
2025-02-11T16:39:10.348Z,2,,,,,,,,,
2025-02-11T16:39:10.348Z,2,,,,,,,,,
2025-02-11T16:39:10.348Z,4,,,,,,,,,
2025-02-11T16:39:10.348Z,3,,,,,,,,,
2025-02-11T16:39:10.348Z,6,,,,,,,,,
2025-02-11T16:39:10.348Z,4,,,,,,,,,
2025-02-11T16:39:10.348Z,3,,,,,,,,,
2025-02-11T16:39:10.348Z,1,,,,,,,,,
2025-02-11T16:39:10.348Z,1,,,,,,,,,
2025-02-11T16:39:10.348Z,3,,,,,,,,,
2025-02-11T16:39:10.348Z,2,,,,,,,,,
2025-02-11T16:39:10.348Z,5,,,,,,,,,
2025-02-11T16:39:10.348Z,2,,,,,,,,,
2025-02-11T16:39:10.348Z,1,,,,,,,,,
2025-02-11T16:39:10.348Z,6,,,,,,,,,
2025-02-11T16:39:10.348Z,3,,,,,,,,,
2025-02-11T16:39:10.348Z,4,,,,,,,,,
2025-02-11T16:39:10.348Z,5,,,,,,,,,
2025-02-11T16:39:10.348Z,0,,,,,,,,,
2025-02-11T16:39:10.348Z,3,,,,,,,,,
2025-02-11T16:39:10.348Z,4,,,,,,,,,
2025-02-11T16:39:10.348Z,2,,,,,,,,,
2025-02-11T16:39:10.348Z,2,,,,,,,,,
2025-02-11T16:39:10.348Z,4,,,,,,,,,
2025-02-11T16:39:10.348Z,0,,,,,,,,,
2025-02-11T16:39:10.348Z,0,,,,,,,,,
2025-02-11T16:39:10.348Z,2,,,,,,,,,
2025-02-11T16:39:10.348Z,5,,,,,,,,,
2025-02-11T16:39:10.348Z,1,,,,,,,,,
2025-02-11T16:39:10.348Z,1,,,,,,,,,
2025-02-11T16:39:10.348Z,0,,,,,,,,,
2025-02-11T16:39:10.348Z,1,,,,,,,,,
2025-02-11T16:39:10.348Z,2,,,,,,,,,
2025-02-11T16:39:10.348Z,3,,,,,,,,,
2025-02-11T16:39:10.348Z,6,,,,,,,,,
2025-02-11T16:39:10.348Z,3,,,,,,,,,
2025-02-11T16:39:10.348Z,2,,,,,,,,,
2025-02-11T16:39:27.768Z,3,,,,,,,,,
2025-02-11T16:39:27.768Z,3,,,,,,,,,
2025-02-11T16:39:27.768Z,1,,,,,,,,,
2025-02-11T16:39:27.768Z,3,,,,,,,,,
2025-02-11T16:39:27.768Z,0,,,,,,,,,
2025-02-11T16:39:27.768Z,5,,,,,,,,,
2025-02-11T16:39:27.768Z,5,,,,,,,,,
2025-02-11T16:39:27.768Z,0,,,,,,,,,
2025-02-11T16:39:27.768Z,1,,,,,,,,,
2025-02-11T16:39:27.768Z,5,,,,,,,,,
2025-02-11T16:39:27.768Z,5,,,,,,,,,
2025-02-11T16:39:27.768Z,0,,,,,,,,,
2025-02-11T16:39:27.768Z,3,,,,,,,,,
2025-02-11T16:39:27.768Z,3,,,,,,,,,
2025-02-11T16:39:27.768Z,4,,,,,,,,,
2025-02-11T16:39:27.768Z,6,,,,,,,,,
2025-02-11T16:39:27.768Z,5,,,,,,,,,
2025-02-11T16:39:27.768Z,5,,,,,,,,,
2025-02-11T16:39:27.768Z,2,,,,,,,,,
2025-02-11T16:39:27.768Z,3,,,,,,,,,
2025-02-11T16:39:27.768Z,3,,,,,,,,,
2025-02-11T16:39:27.768Z,1,,,,,,,,,
2025-02-11T16:39:27.768Z,2,,,,,,,,,
2025-02-11T16:39:27.768Z,6,,,,,,,,,
2025-02-11T16:39:27.768Z,1,,,,,,,,,
2025-02-11T16:39:27.768Z,6,,,,,,,,,
2025-02-11T16:39:27.768Z,1,,,,,,,,,
2025-02-11T16:39:27.768Z,1,,,,,,,,,
2025-02-11T16:39:27.768Z,6,,,,,,,,,
2025-02-11T16:39:27.768Z,6,,,,,,,,,
2025-02-11T16:39:27.768Z,1,,,,,,,,,
2025-02-11T16:39:27.768Z,1,,,,,,,,,
2025-02-11T16:39:27.769Z,5,,,,,,,,,
2025-02-11T16:39:27.769Z,0,,,,,,,,,
2025-02-11T16:39:27.769Z,2,,,,,,,,,
2025-02-11T16:39:27.769Z,2,,,,,,,,,
2025-02-11T16:39:27.769Z,0,,,,,,,,,
2025-02-11T16:39:27.769Z,6,,,,,,,,,
2025-02-11T16:39:27.769Z,1,,,,,,,,,
2025-02-11T16:39:27.769Z,6,,,,,,,,,
2025-02-11T16:39:27.769Z,4,,,,,,,,,
2025-02-11T16:39:27.769Z,3,,,,,,,,,
2025-02-11T16:39:27.769Z,1,,,,,,,,,
2025-02-11T16:39:27.769Z,0,,,,,,,,,
2025-02-11T16:39:27.769Z,6,,,,,,,,,
2025-02-11T16:39:27.769Z,0,,,,,,,,,
2025-02-11T16:39:27.769Z,4,,,,,,,,,
2025-02-11T16:39:27.769Z,3,,,,,,,,,
2025-02-11T16:39:27.769Z,2,,,,,,,,,
2025-02-11T16:39:27.769Z,1,,,,,,,,,
2025-02-11T16:39:27.769Z,1,,,,,,,,,
2025-02-11T16:39:27.769Z,2,,,,,,,,,
2025-02-11T16:39:27.769Z,4,,,,,,,,,
2025-02-11T16:39:27.769Z,2,,,,,,,,,
2025-02-11T16:39:27.769Z,3,,,,,,,,,
2025-02-11T16:39:27.769Z,0,,,,,,,,,
2025-02-11T16:39:27.769Z,1,,,,,,,,,
2025-02-11T16:39:27.769Z,4,,,,,,,,,
2025-02-11T16:39:27.769Z,0,,,,,,,,,
2025-02-11T16:39:27.769Z,0,,,,,,,,,
2025-02-11T16:39:27.769Z,2,,,,,,,,,
2025-02-11T16:39:27.769Z,5,,,,,,,,,
2025-02-11T16:39:27.769Z,5,,,,,,,,,
2025-02-11T16:39:27.769Z,4,,,,,,,,,
2025-02-11T16:39:27.769Z,5,,,,,,,,,
2025-02-11T16:39:27.769Z,3,,,,,,,,,
2025-02-11T16:39:27.769Z,3,,,,,,,,,
2025-02-11T16:39:27.769Z,5,,,,,,,,,
2025-02-11T16:39:27.769Z,1,,,,,,,,,
2025-02-11T16:39:27.769Z,3,,,,,,,,,
2025-02-11T16:39:27.769Z,3,,,,,,,,,
2025-02-11T16:39:27.769Z,6,,,,,,,,,
2025-02-11T16:39:27.769Z,2,,,,,,,,,
2025-02-11T16:39:27.769Z,3,,,,,,,,,
2025-02-11T16:39:27.769Z,2,,,,,,,,,
2025-02-11T16:39:27.769Z,5,,,,,,,,,
2025-02-11T16:39:27.769Z,6,,,,,,,,,
2025-02-11T16:39:27.769Z,5,,,,,,,,,
2025-02-11T16:39:27.769Z,4,,,,,,,,,
2025-02-11T16:39:27.769Z,4,,,,,,,,,
2025-02-11T16:39:27.769Z,1,,,,,,,,,
2025-02-11T16:39:27.769Z,2,,,,,,,,,
2025-02-11T16:39:27.769Z,4,,,,,,,,,
2025-02-11T16:39:27.769Z,6,,,,,,,,,
2025-02-11T16:39:27.769Z,2,,,,,,,,,
2025-02-11T16:39:27.769Z,4,,,,,,,,,
2025-02-11T16:39:27.769Z,5,,,,,,,,,
2025-02-11T16:39:27.769Z,3,,,,,,,,,
2025-02-11T16:39:27.769Z,0,,,,,,,,,
2025-02-11T16:39:27.769Z,1,,,,,,,,,
2025-02-11T16:39:27.769Z,1,,,,,,,,,
2025-02-11T16:39:27.769Z,5,,,,,,,,,
2025-02-11T16:39:27.769Z,5,,,,,,,,,
2025-02-11T16:39:27.769Z,3,,,,,,,,,
2025-02-11T16:39:27.769Z,2,,,,,,,,,
2025-02-11T16:39:27.769Z,2,,,,,,,,,
2025-02-11T16:39:27.769Z,4,,,,,,,,,
2025-02-11T16:39:27.769Z,3,,,,,,,,,
2025-02-11T16:39:27.769Z,6,,,,,,,,,
2025-02-11T16:39:27.769Z,2,,,,,,,,,
2025-02-11T16:39:45.593Z,4,,,,,,,,,
2025-02-11T16:39:45.593Z,0,,,,,,,,,
2025-02-11T16:39:45.593Z,5,,,,,,,,,
2025-02-11T16:39:45.593Z,2,,,,,,,,,
2025-02-11T16:39:45.593Z,2,,,,,,,,,
2025-02-11T16:39:45.593Z,4,,,,,,,,,
2025-02-11T16:39:45.593Z,3,,,,,,,,,
2025-02-11T16:39:45.593Z,6,,,,,,,,,
2025-02-11T16:39:45.593Z,6,,,,,,,,,
2025-02-11T16:39:45.593Z,6,,,,,,,,,
2025-02-11T16:39:45.593Z,4,,,,,,,,,
2025-02-11T16:39:45.593Z,1,,,,,,,,,
2025-02-11T16:39:45.593Z,1,,,,,,,,,
2025-02-11T16:39:45.593Z,1,,,,,,,,,
2025-02-11T16:39:45.593Z,0,,,,,,,,,
2025-02-11T16:39:45.593Z,1,,,,,,,,,
2025-02-11T16:39:45.594Z,3,,,,,,,,,
2025-02-11T16:39:45.594Z,5,,,,,,,,,
2025-02-11T16:39:45.594Z,2,,,,,,,,,
2025-02-11T16:39:45.594Z,4,,,,,,,,,
2025-02-11T16:39:45.594Z,1,,,,,,,,,
2025-02-11T16:39:45.594Z,2,,,,,,,,,
2025-02-11T16:39:45.594Z,2,,,,,,,,,
2025-02-11T16:39:45.594Z,5,,,,,,,,,
2025-02-11T16:39:45.594Z,6,,,,,,,,,
2025-02-11T16:39:45.594Z,5,,,,,,,,,
2025-02-11T16:39:45.594Z,0,,,,,,,,,
2025-02-11T16:39:45.594Z,0,,,,,,,,,
2025-02-11T16:39:45.594Z,4,,,,,,,,,
2025-02-11T16:39:45.594Z,5,,,,,,,,,
2025-02-11T16:39:45.594Z,4,,,,,,,,,
2025-02-11T16:39:45.594Z,6,,,,,,,,,
2025-02-11T16:39:45.594Z,0,,,,,,,,,
2025-02-11T16:39:45.594Z,4,,,,,,,,,
2025-02-11T16:39:45.594Z,3,,,,,,,,,
2025-02-11T16:39:45.594Z,1,,,,,,,,,
2025-02-11T16:39:45.594Z,6,,,,,,,,,
2025-02-11T16:39:45.594Z,5,,,,,,,,,
2025-02-11T16:39:45.594Z,0,,,,,,,,,
2025-02-11T16:39:45.594Z,6,,,,,,,,,
2025-02-11T16:39:45.594Z,3,,,,,,,,,
2025-02-11T16:39:45.594Z,0,,,,,,,,,
2025-02-11T16:39:45.594Z,4,,,,,,,,,
2025-02-11T16:39:45.594Z,0,,,,,,,,,
2025-02-11T16:39:45.594Z,3,,,,,,,,,
2025-02-11T16:39:45.594Z,3,,,,,,,,,
2025-02-11T16:39:45.594Z,2,,,,,,,,,
2025-02-11T16:39:45.594Z,6,,,,,,,,,
2025-02-11T16:39:45.594Z,6,,,,,,,,,
2025-02-11T16:39:45.594Z,5,,,,,,,,,
2025-02-11T16:39:45.594Z,4,,,,,,,,,
2025-02-11T16:39:45.594Z,1,,,,,,,,,
2025-02-11T16:39:45.594Z,5,,,,,,,,,
2025-02-11T16:39:45.594Z,5,,,,,,,,,
2025-02-11T16:39:45.594Z,1,,,,,,,,,
2025-02-11T16:39:45.594Z,2,,,,,,,,,
2025-02-11T16:39:45.594Z,5,,,,,,,,,
2025-02-11T16:39:45.594Z,1,,,,,,,,,
2025-02-11T16:39:45.594Z,3,,,,,,,,,
2025-02-11T16:39:45.594Z,3,,,,,,,,,
2025-02-11T16:39:45.594Z,2,,,,,,,,,
2025-02-11T16:39:45.594Z,5,,,,,,,,,
2025-02-11T16:39:45.594Z,6,,,,,,,,,
2025-02-11T16:39:45.594Z,5,,,,,,,,,
2025-02-11T16:39:45.594Z,1,,,,,,,,,
2025-02-11T16:39:45.594Z,1,,,,,,,,,
2025-02-11T16:39:45.594Z,3,,,,,,,,,
2025-02-11T16:39:45.594Z,6,,,,,,,,,
2025-02-11T16:39:45.594Z,5,,,,,,,,,
2025-02-11T16:39:45.594Z,3,,,,,,,,,
2025-02-11T16:39:45.594Z,5,,,,,,,,,
2025-02-11T16:39:45.594Z,1,,,,,,,,,
2025-02-11T16:39:45.594Z,3,,,,,,,,,
2025-02-11T16:39:45.594Z,2,,,,,,,,,
2025-02-11T16:39:45.594Z,6,,,,,,,,,
2025-02-11T16:39:45.594Z,1,,,,,,,,,
2025-02-11T16:39:45.594Z,2,,,,,,,,,
2025-02-11T16:39:45.594Z,5,,,,,,,,,
2025-02-11T16:39:45.594Z,5,,,,,,,,,
2025-02-11T16:39:45.594Z,1,,,,,,,,,
2025-02-11T16:39:45.594Z,2,,,,,,,,,
2025-02-11T16:39:45.594Z,0,,,,,,,,,
2025-02-11T16:39:45.594Z,4,,,,,,,,,
2025-02-11T16:39:45.594Z,5,,,,,,,,,
2025-02-11T16:39:45.594Z,2,,,,,,,,,
2025-02-11T16:39:45.594Z,6,,,,,,,,,
2025-02-11T16:39:45.594Z,3,,,,,,,,,
2025-02-11T16:39:45.594Z,4,,,,,,,,,
2025-02-11T16:39:45.594Z,3,,,,,,,,,
2025-02-11T16:39:45.594Z,1,,,,,,,,,
2025-02-11T16:39:45.594Z,5,,,,,,,,,
2025-02-11T16:39:45.594Z,5,,,,,,,,,
2025-02-11T16:39:45.594Z,5,,,,,,,,,
2025-02-11T16:39:45.594Z,2,,,,,,,,,
2025-02-11T16:39:45.594Z,4,,,,,,,,,
2025-02-11T16:39:45.594Z,3,,,,,,,,,
2025-02-11T16:39:45.594Z,3,,,,,,,,,
2025-02-11T16:39:45.594Z,1,,,,,,,,,
2025-02-11T16:39:45.594Z,3,,,,,,,,,
2025-02-11T16:39:45.594Z,3,,,,,,,,,
2025-02-11T16:40:02.314Z,1,,,,,,,,,
2025-02-11T16:40:02.314Z,3,,,,,,,,,
2025-02-11T16:40:02.314Z,3,,,,,,,,,
2025-02-11T16:40:02.314Z,6,,,,,,,,,
2025-02-11T16:40:02.314Z,4,,,,,,,,,
2025-02-11T16:40:02.314Z,4,,,,,,,,,
2025-02-11T16:40:02.314Z,5,,,,,,,,,
2025-02-11T16:40:02.314Z,0,,,,,,,,,
2025-02-11T16:40:02.314Z,5,,,,,,,,,
2025-02-11T16:40:02.314Z,5,,,,,,,,,
2025-02-11T16:40:02.314Z,6,,,,,,,,,
2025-02-11T16:40:02.314Z,2,,,,,,,,,
2025-02-11T16:40:02.314Z,1,,,,,,,,,
2025-02-11T16:40:02.314Z,2,,,,,,,,,
2025-02-11T16:40:02.314Z,3,,,,,,,,,
2025-02-11T16:40:02.314Z,0,,,,,,,,,
2025-02-11T16:40:02.314Z,2,,,,,,,,,
2025-02-11T16:40:02.314Z,6,,,,,,,,,
2025-02-11T16:40:02.314Z,1,,,,,,,,,
2025-02-11T16:40:02.314Z,2,,,,,,,,,
2025-02-11T16:40:02.314Z,4,,,,,,,,,
2025-02-11T16:40:02.314Z,5,,,,,,,,,
2025-02-11T16:40:02.314Z,6,,,,,,,,,
2025-02-11T16:40:02.314Z,3,,,,,,,,,
2025-02-11T16:40:02.314Z,1,,,,,,,,,
2025-02-11T16:40:02.314Z,5,,,,,,,,,
2025-02-11T16:40:02.314Z,0,,,,,,,,,
2025-02-11T16:40:02.314Z,2,,,,,,,,,
2025-02-11T16:40:02.314Z,2,,,,,,,,,
2025-02-11T16:40:02.314Z,2,,,,,,,,,
2025-02-11T16:40:02.314Z,4,,,,,,,,,
2025-02-11T16:40:02.314Z,5,,,,,,,,,
2025-02-11T16:40:02.314Z,3,,,,,,,,,
2025-02-11T16:40:02.314Z,4,,,,,,,,,
2025-02-11T16:40:02.314Z,6,,,,,,,,,
2025-02-11T16:40:02.314Z,0,,,,,,,,,
2025-02-11T16:40:02.314Z,5,,,,,,,,,
2025-02-11T16:40:02.314Z,4,,,,,,,,,
2025-02-11T16:40:02.314Z,3,,,,,,,,,
2025-02-11T16:40:02.314Z,6,,,,,,,,,
2025-02-11T16:40:02.314Z,1,,,,,,,,,
2025-02-11T16:40:02.314Z,6,,,,,,,,,
2025-02-11T16:40:02.314Z,6,,,,,,,,,
2025-02-11T16:40:02.314Z,6,,,,,,,,,
2025-02-11T16:40:02.314Z,0,,,,,,,,,
2025-02-11T16:40:02.314Z,6,,,,,,,,,
2025-02-11T16:40:02.314Z,1,,,,,,,,,
2025-02-11T16:40:02.314Z,1,,,,,,,,,
2025-02-11T16:40:02.314Z,0,,,,,,,,,
2025-02-11T16:40:02.314Z,6,,,,,,,,,
2025-02-11T16:40:02.314Z,6,,,,,,,,,
2025-02-11T16:40:02.315Z,3,,,,,,,,,
2025-02-11T16:40:02.315Z,3,,,,,,,,,
2025-02-11T16:40:02.315Z,5,,,,,,,,,
2025-02-11T16:40:02.315Z,0,,,,,,,,,
2025-02-11T16:40:02.315Z,2,,,,,,,,,
2025-02-11T16:40:02.315Z,4,,,,,,,,,
2025-02-11T16:40:02.315Z,6,,,,,,,,,
2025-02-11T16:40:02.315Z,5,,,,,,,,,
2025-02-11T16:40:02.315Z,3,,,,,,,,,
2025-02-11T16:40:02.315Z,1,,,,,,,,,
2025-02-11T16:40:02.315Z,5,,,,,,,,,
2025-02-11T16:40:02.315Z,6,,,,,,,,,
2025-02-11T16:40:02.315Z,3,,,,,,,,,
2025-02-11T16:40:02.315Z,2,,,,,,,,,
2025-02-11T16:40:02.315Z,6,,,,,,,,,
2025-02-11T16:40:02.315Z,4,,,,,,,,,
2025-02-11T16:40:02.315Z,0,,,,,,,,,
2025-02-11T16:40:02.315Z,2,,,,,,,,,
2025-02-11T16:40:02.315Z,1,,,,,,,,,
2025-02-11T16:40:02.315Z,6,,,,,,,,,
2025-02-11T16:40:02.315Z,6,,,,,,,,,
2025-02-11T16:40:02.315Z,5,,,,,,,,,
2025-02-11T16:40:02.315Z,3,,,,,,,,,
2025-02-11T16:40:02.315Z,6,,,,,,,,,
2025-02-11T16:40:02.315Z,5,,,,,,,,,
2025-02-11T16:40:02.315Z,0,,,,,,,,,
2025-02-11T16:41:39.730Z,0,,,,,,,,,
2025-02-11T16:41:39.730Z,6,,,,,,,,,
2025-02-11T16:41:39.730Z,0,,,,,,,,,
2025-02-11T16:41:39.730Z,5,,,,,,,,,
2025-02-11T16:41:39.730Z,6,,,,,,,,,
2025-02-11T16:41:39.730Z,4,,,,,,,,,
2025-02-11T16:41:39.730Z,6,,,,,,,,,
2025-02-11T16:41:39.730Z,3,,,,,,,,,
2025-02-11T16:41:39.730Z,5,,,,,,,,,
2025-02-11T16:41:39.730Z,6,,,,,,,,,
2025-02-11T16:41:39.730Z,5,,,,,,,,,
2025-02-11T16:41:39.730Z,5,,,,,,,,,
2025-02-11T16:41:39.730Z,2,,,,,,,,,
2025-02-11T16:41:39.730Z,1,,,,,,,,,
2025-02-11T16:41:39.730Z,5,,,,,,,,,
2025-02-11T16:41:39.730Z,0,,,,,,,,,
2025-02-11T16:41:39.730Z,5,,,,,,,,,
2025-02-11T16:41:44.704Z,1,,,,,,,,,
2025-02-11T16:41:44.704Z,4,,,,,,,,,
2025-02-11T16:41:44.704Z,1,,,,,,,,,
2025-02-11T16:41:44.704Z,3,,,,,,,,,
2025-02-11T16:41:44.704Z,1,,,,,,,,,
2025-02-11T16:41:44.704Z,4,,,,,,,,,
2025-02-11T16:41:44.704Z,1,,,,,,,,,
2025-02-11T16:41:44.704Z,1,,,,,,,,,
2025-02-11T16:41:44.704Z,5,,,,,,,,,
2025-02-11T16:41:44.704Z,6,,,,,,,,,
2025-02-11T16:41:44.704Z,6,,,,,,,,,
2025-02-11T16:41:44.704Z,2,,,,,,,,,
2025-02-11T16:41:44.704Z,2,,,,,,,,,
2025-02-11T16:41:44.704Z,5,,,,,,,,,
2025-02-11T16:41:44.704Z,2,,,,,,,,,
2025-02-11T16:41:44.704Z,0,,,,,,,,,
2025-02-11T16:41:44.704Z,6,,,,,,,,,
2025-02-11T16:41:44.704Z,2,,,,,,,,,
2025-02-11T16:41:44.704Z,4,,,,,,,,,
2025-02-11T16:41:44.704Z,3,,,,,,,,,
2025-02-11T16:41:44.704Z,3,,,,,,,,,
2025-02-11T16:41:44.704Z,3,,,,,,,,,
2025-02-11T16:41:44.704Z,0,,,,,,,,,
2025-02-11T16:41:44.704Z,3,,,,,,,,,
2025-02-11T16:41:44.704Z,4,,,,,,,,,
2025-02-11T16:41:44.704Z,1,,,,,,,,,
2025-02-11T16:41:44.704Z,4,,,,,,,,,
2025-02-11T16:41:44.704Z,1,,,,,,,,,
2025-02-11T16:41:44.704Z,2,,,,,,,,,
2025-02-11T16:41:44.704Z,1,,,,,,,,,
2025-02-11T16:41:44.704Z,5,,,,,,,,,
2025-02-11T16:41:44.704Z,5,,,,,,,,,
2025-02-11T16:41:49.717Z,0,,,,,,,,,
2025-02-11T16:41:49.717Z,5,,,,,,,,,
2025-02-11T16:41:49.717Z,2,,,,,,,,,
2025-02-11T16:41:49.717Z,0,,,,,,,,,
2025-02-11T16:41:49.717Z,2,,,,,,,,,
2025-02-11T16:41:49.717Z,3,,,,,,,,,
2025-02-11T16:41:49.717Z,3,,,,,,,,,
2025-02-11T16:41:49.717Z,4,,,,,,,,,
2025-02-11T16:41:49.717Z,3,,,,,,,,,
2025-02-11T16:41:49.717Z,0,,,,,,,,,
2025-02-11T16:41:49.717Z,5,,,,,,,,,
2025-02-11T16:41:49.717Z,3,,,,,,,,,
2025-02-11T16:41:49.717Z,2,,,,,,,,,
2025-02-11T16:41:49.717Z,0,,,,,,,,,
2025-02-11T16:41:49.717Z,2,,,,,,,,,
2025-02-11T16:41:49.717Z,0,,,,,,,,,
2025-02-11T16:41:49.717Z,2,,,,,,,,,
2025-02-11T16:41:49.717Z,2,,,,,,,,,
2025-02-11T16:41:49.717Z,6,,,,,,,,,
2025-02-11T16:41:49.717Z,2,,,,,,,,,
2025-02-11T16:41:49.717Z,2,,,,,,,,,
2025-02-11T16:41:49.717Z,2,,,,,,,,,
2025-02-11T16:41:49.717Z,4,,,,,,,,,
2025-02-11T16:41:49.717Z,2,,,,,,,,,
2025-02-11T16:41:49.717Z,4,,,,,,,,,
2025-02-11T16:41:49.717Z,6,,,,,,,,,
2025-02-11T16:41:49.717Z,2,,,,,,,,,
2025-02-11T16:41:49.717Z,1,,,,,,,,,
2025-02-11T16:41:49.717Z,1,,,,,,,,,
2025-02-11T16:41:49.717Z,0,,,,,,,,,
2025-02-11T16:41:49.717Z,0,,,,,,,,,
2025-02-11T16:41:49.717Z,1,,,,,,,,,
2025-02-11T16:41:49.717Z,5,,,,,,,,,
2025-02-11T16:41:54.698Z,5,,,,,,,,,
2025-02-11T16:41:54.698Z,4,,,,,,,,,
2025-02-11T16:41:54.698Z,5,,,,,,,,,
2025-02-11T16:41:54.698Z,6,,,,,,,,,
2025-02-11T16:41:54.698Z,0,,,,,,,,,
2025-02-11T16:41:54.698Z,6,,,,,,,,,
2025-02-11T16:41:54.698Z,1,,,,,,,,,
2025-02-11T16:41:54.698Z,3,,,,,,,,,
2025-02-11T16:41:54.698Z,0,,,,,,,,,
2025-02-11T16:41:54.698Z,4,,,,,,,,,
2025-02-11T16:41:54.698Z,4,,,,,,,,,
2025-02-11T16:41:54.698Z,0,,,,,,,,,
2025-02-11T16:41:54.698Z,6,,,,,,,,,
2025-02-11T16:41:54.698Z,6,,,,,,,,,
2025-02-11T16:41:54.698Z,5,,,,,,,,,
2025-02-11T16:41:54.698Z,4,,,,,,,,,
2025-02-11T16:41:54.698Z,1,,,,,,,,,
2025-02-11T16:41:54.698Z,5,,,,,,,,,
2025-02-11T16:41:54.698Z,1,,,,,,,,,
2025-02-11T16:41:54.698Z,4,,,,,,,,,
2025-02-11T16:41:54.698Z,6,,,,,,,,,
2025-02-11T16:41:54.698Z,4,,,,,,,,,
2025-02-11T16:41:54.698Z,1,,,,,,,,,
2025-02-11T16:41:54.698Z,4,,,,,,,,,
2025-02-11T16:41:54.698Z,3,,,,,,,,,
2025-02-11T16:41:54.698Z,6,,,,,,,,,
2025-02-11T16:41:54.698Z,2,,,,,,,,,
2025-02-11T16:41:54.698Z,3,,,,,,,,,
2025-02-11T16:41:54.698Z,1,,,,,,,,,
2025-02-11T16:41:54.698Z,1,,,,,,,,,
2025-02-11T16:41:54.698Z,6,,,,,,,,,
2025-02-11T16:41:54.698Z,5,,,,,,,,,
2025-02-11T16:41:59.733Z,2,,,,,,,,,
2025-02-11T16:41:59.733Z,4,,,,,,,,,
2025-02-11T16:41:59.733Z,1,,,,,,,,,
2025-02-11T16:41:59.733Z,0,,,,,,,,,
2025-02-11T16:41:59.733Z,1,,,,,,,,,
2025-02-11T16:41:59.733Z,5,,,,,,,,,
2025-02-11T16:41:59.733Z,2,,,,,,,,,
2025-02-11T16:41:59.733Z,1,,,,,,,,,
2025-02-11T16:41:59.733Z,6,,,,,,,,,
2025-02-11T16:41:59.733Z,5,,,,,,,,,
2025-02-11T16:41:59.733Z,4,,,,,,,,,
2025-02-11T16:41:59.733Z,1,,,,,,,,,
2025-02-11T16:41:59.733Z,1,,,,,,,,,
2025-02-11T16:41:59.733Z,4,,,,,,,,,
2025-02-11T16:41:59.733Z,1,,,,,,,,,
2025-02-11T16:41:59.733Z,0,,,,,,,,,
2025-02-11T16:41:59.733Z,3,,,,,,,,,
2025-02-11T16:41:59.733Z,1,,,,,,,,,
2025-02-11T16:41:59.733Z,6,,,,,,,,,
2025-02-11T16:41:59.733Z,3,,,,,,,,,
2025-02-11T16:41:59.733Z,4,,,,,,,,,
2025-02-11T16:41:59.733Z,4,,,,,,,,,
2025-02-11T16:41:59.733Z,0,,,,,,,,,
2025-02-11T16:41:59.733Z,3,,,,,,,,,
2025-02-11T16:41:59.733Z,5,,,,,,,,,
2025-02-11T16:41:59.733Z,4,,,,,,,,,
2025-02-11T16:41:59.733Z,4,,,,,,,,,
2025-02-11T16:41:59.733Z,5,,,,,,,,,
2025-02-11T16:41:59.733Z,0,,,,,,,,,
2025-02-11T16:41:59.733Z,5,,,,,,,,,
2025-02-11T16:41:59.733Z,0,,,,,,,,,
2025-02-11T16:42:04.705Z,3,,,,,,,,,
2025-02-11T16:42:04.705Z,4,,,,,,,,,
2025-02-11T16:42:04.705Z,0,,,,,,,,,
2025-02-11T16:42:04.705Z,1,,,,,,,,,
2025-02-11T16:42:04.705Z,5,,,,,,,,,
2025-02-11T16:42:04.705Z,6,,,,,,,,,
2025-02-11T16:42:04.705Z,3,,,,,,,,,
2025-02-11T16:42:04.705Z,4,,,,,,,,,
2025-02-11T16:42:04.705Z,2,,,,,,,,,
2025-02-11T16:42:04.705Z,2,,,,,,,,,
2025-02-11T16:42:04.705Z,0,,,,,,,,,
2025-02-11T16:42:04.705Z,0,,,,,,,,,
2025-02-11T16:42:04.705Z,1,,,,,,,,,
2025-02-11T16:42:04.705Z,6,,,,,,,,,
2025-02-11T16:42:04.705Z,2,,,,,,,,,
2025-02-11T16:42:04.705Z,1,,,,,,,,,
2025-02-11T16:42:04.705Z,1,,,,,,,,,
2025-02-11T16:42:04.705Z,3,,,,,,,,,
2025-02-11T16:42:04.705Z,1,,,,,,,,,
2025-02-11T16:42:04.705Z,4,,,,,,,,,
2025-02-11T16:42:04.705Z,5,,,,,,,,,
2025-02-11T16:42:04.705Z,3,,,,,,,,,
2025-02-11T16:42:04.705Z,5,,,,,,,,,
2025-02-11T16:42:04.705Z,5,,,,,,,,,
2025-02-11T16:42:04.705Z,3,,,,,,,,,
2025-02-11T16:42:04.705Z,4,,,,,,,,,
2025-02-11T16:42:04.705Z,0,,,,,,,,,
2025-02-11T16:42:04.705Z,1,,,,,,,,,
2025-02-11T16:42:04.705Z,1,,,,,,,,,
2025-02-11T16:42:04.705Z,6,,,,,,,,,
2025-02-11T16:42:04.705Z,0,,,,,,,,,
2025-02-11T16:42:04.705Z,3,,,,,,,,,
2025-02-11T16:42:09.790Z,4,,,,,,,,,
2025-02-11T16:42:09.790Z,4,,,,,,,,,
2025-02-11T16:42:09.790Z,0,,,,,,,,,
2025-02-11T16:42:09.790Z,1,,,,,,,,,
2025-02-11T16:42:09.790Z,2,,,,,,,,,
2025-02-11T16:42:09.790Z,2,,,,,,,,,
2025-02-11T16:42:09.790Z,5,,,,,,,,,
2025-02-11T16:42:09.790Z,3,,,,,,,,,
2025-02-11T16:42:09.790Z,6,,,,,,,,,
2025-02-11T16:42:09.790Z,1,,,,,,,,,
2025-02-11T16:42:09.790Z,5,,,,,,,,,
2025-02-11T16:42:09.790Z,3,,,,,,,,,
2025-02-11T16:42:09.790Z,4,,,,,,,,,
2025-02-11T16:42:09.790Z,1,,,,,,,,,
2025-02-11T16:42:09.790Z,4,,,,,,,,,
2025-02-11T16:42:09.790Z,5,,,,,,,,,
2025-02-11T16:42:09.790Z,0,,,,,,,,,
2025-02-11T16:42:09.790Z,6,,,,,,,,,
2025-02-11T16:42:09.790Z,4,,,,,,,,,
2025-02-11T16:42:09.790Z,4,,,,,,,,,
2025-02-11T16:42:09.790Z,6,,,,,,,,,
2025-02-11T16:42:09.790Z,3,,,,,,,,,
2025-02-11T16:42:09.790Z,6,,,,,,,,,
2025-02-11T16:42:09.790Z,6,,,,,,,,,
2025-02-11T16:42:09.790Z,3,,,,,,,,,
2025-02-11T16:42:09.790Z,6,,,,,,,,,
2025-02-11T16:42:09.790Z,1,,,,,,,,,
2025-02-11T16:42:09.790Z,3,,,,,,,,,
2025-02-11T16:42:09.790Z,6,,,,,,,,,
2025-02-11T16:42:09.790Z,0,,,,,,,,,
2025-02-11T16:42:09.790Z,2,,,,,,,,,
2025-02-11T16:42:09.790Z,1,,,,,,,,,
2025-02-11T16:42:14.721Z,3,,,,,,,,,
2025-02-11T16:42:14.721Z,5,,,,,,,,,
2025-02-11T16:42:14.721Z,3,,,,,,,,,
2025-02-11T16:42:14.721Z,1,,,,,,,,,
2025-02-11T16:42:14.721Z,0,,,,,,,,,
2025-02-11T16:42:14.721Z,0,,,,,,,,,
2025-02-11T16:42:14.721Z,5,,,,,,,,,
2025-02-11T16:42:14.721Z,5,,,,,,,,,
2025-02-11T16:42:14.721Z,1,,,,,,,,,
2025-02-11T16:42:14.721Z,4,,,,,,,,,
2025-02-11T16:42:14.721Z,5,,,,,,,,,
2025-02-11T16:42:14.721Z,6,,,,,,,,,
2025-02-11T16:42:14.721Z,0,,,,,,,,,
2025-02-11T16:42:14.721Z,3,,,,,,,,,
2025-02-11T16:42:14.721Z,0,,,,,,,,,
2025-02-11T16:42:14.721Z,2,,,,,,,,,
2025-02-11T16:42:14.721Z,6,,,,,,,,,
2025-02-11T16:42:14.721Z,6,,,,,,,,,
2025-02-11T16:42:14.721Z,6,,,,,,,,,
2025-02-11T16:42:14.721Z,5,,,,,,,,,
2025-02-11T16:42:14.721Z,0,,,,,,,,,
2025-02-11T16:42:14.721Z,1,,,,,,,,,
2025-02-11T16:42:14.721Z,4,,,,,,,,,
2025-02-11T16:42:14.721Z,2,,,,,,,,,
2025-02-11T16:42:14.721Z,6,,,,,,,,,
2025-02-11T16:42:14.721Z,5,,,,,,,,,
2025-02-11T16:42:14.721Z,4,,,,,,,,,
2025-02-11T16:42:14.721Z,1,,,,,,,,,
2025-02-11T16:42:14.721Z,4,,,,,,,,,
2025-02-11T16:42:14.721Z,2,,,,,,,,,
2025-02-11T16:42:14.721Z,1,,,,,,,,,
2025-02-11T16:42:14.721Z,4,,,,,,,,,
2025-02-11T16:42:20.180Z,2,,,,,,,,,
2025-02-11T16:42:20.180Z,3,,,,,,,,,
2025-02-11T16:42:20.180Z,2,,,,,,,,,
2025-02-11T16:42:20.180Z,2,,,,,,,,,
2025-02-11T16:42:20.180Z,4,,,,,,,,,
2025-02-11T16:42:20.180Z,5,,,,,,,,,
2025-02-11T16:42:20.180Z,1,,,,,,,,,
2025-02-11T16:42:20.180Z,1,,,,,,,,,
2025-02-11T16:42:20.180Z,6,,,,,,,,,
2025-02-11T16:42:20.180Z,5,,,,,,,,,
2025-02-11T16:42:20.180Z,1,,,,,,,,,
2025-02-11T16:42:20.180Z,3,,,,,,,,,
2025-02-11T16:42:20.180Z,2,,,,,,,,,
2025-02-11T16:42:20.180Z,2,,,,,,,,,
2025-02-11T16:42:20.180Z,5,,,,,,,,,
2025-02-11T16:42:20.180Z,1,,,,,,,,,
2025-02-11T16:42:20.180Z,1,,,,,,,,,
2025-02-11T16:42:20.180Z,6,,,,,,,,,
2025-02-11T16:42:20.180Z,2,,,,,,,,,
2025-02-11T16:42:20.180Z,4,,,,,,,,,
2025-02-11T16:42:20.180Z,2,,,,,,,,,
2025-02-11T16:42:20.180Z,0,,,,,,,,,
2025-02-11T16:42:20.180Z,3,,,,,,,,,
2025-02-11T16:42:20.180Z,5,,,,,,,,,
2025-02-11T16:42:20.180Z,0,,,,,,,,,
2025-02-11T16:42:20.180Z,6,,,,,,,,,
2025-02-11T16:42:20.180Z,2,,,,,,,,,
2025-02-11T16:42:20.180Z,1,,,,,,,,,
2025-02-11T16:42:20.180Z,4,,,,,,,,,
2025-02-11T16:42:20.180Z,2,,,,,,,,,
2025-02-11T16:42:20.180Z,6,,,,,,,,,
2025-02-11T16:42:20.180Z,2,,,,,,,,,
2025-02-11T16:42:20.180Z,2,,,,,,,,,
2025-02-11T16:42:20.180Z,5,,,,,,,,,
2025-02-11T16:42:20.180Z,5,,,,,,,,,
2025-02-11T16:42:20.180Z,0,,,,,,,,,
2025-02-11T16:42:20.180Z,5,,,,,,,,,
2025-02-11T16:42:25.203Z,0,,,,,,,,,
2025-02-11T16:42:25.203Z,0,,,,,,,,,
2025-02-11T16:42:25.203Z,5,,,,,,,,,
2025-02-11T16:42:25.203Z,6,,,,,,,,,
2025-02-11T16:42:25.203Z,2,,,,,,,,,
2025-02-11T16:42:25.203Z,6,,,,,,,,,
2025-02-11T16:42:25.203Z,4,,,,,,,,,
2025-02-11T16:42:25.203Z,4,,,,,,,,,
2025-02-11T16:42:25.203Z,1,,,,,,,,,
2025-02-11T16:42:25.203Z,5,,,,,,,,,
2025-02-11T16:42:25.203Z,3,,,,,,,,,
2025-02-11T16:42:25.203Z,5,,,,,,,,,
2025-02-11T16:42:25.203Z,1,,,,,,,,,
2025-02-11T16:42:25.203Z,6,,,,,,,,,
2025-02-11T16:42:25.203Z,5,,,,,,,,,
2025-02-11T16:42:25.203Z,4,,,,,,,,,
2025-02-11T16:42:25.203Z,0,,,,,,,,,
2025-02-11T16:42:25.203Z,4,,,,,,,,,
2025-02-11T16:42:25.203Z,4,,,,,,,,,
2025-02-11T16:42:25.203Z,2,,,,,,,,,
2025-02-11T16:42:25.203Z,4,,,,,,,,,
2025-02-11T16:42:25.203Z,6,,,,,,,,,
2025-02-11T16:42:25.203Z,5,,,,,,,,,
2025-02-11T16:42:25.203Z,1,,,,,,,,,
2025-02-11T16:42:25.203Z,5,,,,,,,,,
2025-02-11T16:42:25.203Z,6,,,,,,,,,
2025-02-11T16:42:25.203Z,0,,,,,,,,,
2025-02-11T16:42:25.203Z,6,,,,,,,,,
2025-02-11T16:42:25.203Z,2,,,,,,,,,
2025-02-11T16:42:25.203Z,2,,,,,,,,,
2025-02-11T16:42:25.203Z,2,,,,,,,,,
2025-02-11T16:42:25.203Z,0,,,,,,,,,
2025-02-11T16:42:30.139Z,3,,,,,,,,,
2025-02-11T16:42:30.139Z,4,,,,,,,,,
2025-02-11T16:42:30.139Z,6,,,,,,,,,
2025-02-11T16:42:30.139Z,1,,,,,,,,,
2025-02-11T16:42:30.139Z,2,,,,,,,,,
2025-02-11T16:42:30.139Z,2,,,,,,,,,
2025-02-11T16:42:30.139Z,2,,,,,,,,,
2025-02-11T16:42:30.139Z,3,,,,,,,,,
2025-02-11T16:42:30.139Z,3,,,,,,,,,
2025-02-11T16:42:30.139Z,2,,,,,,,,,
2025-02-11T16:42:30.139Z,4,,,,,,,,,
2025-02-11T16:42:30.139Z,3,,,,,,,,,
2025-02-11T16:42:30.139Z,2,,,,,,,,,
2025-02-11T16:42:30.139Z,6,,,,,,,,,
2025-02-11T16:42:30.139Z,2,,,,,,,,,
2025-02-11T16:42:30.139Z,2,,,,,,,,,
2025-02-11T16:42:30.139Z,0,,,,,,,,,
2025-02-11T16:42:30.139Z,3,,,,,,,,,
2025-02-11T16:42:30.139Z,3,,,,,,,,,
2025-02-11T16:42:30.139Z,3,,,,,,,,,
2025-02-11T16:42:30.139Z,0,,,,,,,,,
2025-02-11T16:42:30.139Z,0,,,,,,,,,
2025-02-11T16:42:30.139Z,2,,,,,,,,,
2025-02-11T16:42:30.139Z,0,,,,,,,,,
2025-02-11T16:42:30.139Z,5,,,,,,,,,
2025-02-11T16:42:30.139Z,0,,,,,,,,,
2025-02-11T16:42:30.139Z,6,,,,,,,,,
2025-02-11T16:42:30.139Z,5,,,,,,,,,
2025-02-11T16:42:30.139Z,0,,,,,,,,,
2025-02-11T16:42:30.139Z,5,,,,,,,,,
2025-02-11T16:42:30.139Z,1,,,,,,,,,
2025-02-11T16:42:35.298Z,3,,,,,,,,,
2025-02-11T16:42:35.298Z,5,,,,,,,,,
2025-02-11T16:42:35.298Z,2,,,,,,,,,
2025-02-11T16:42:35.298Z,1,,,,,,,,,
2025-02-11T16:42:35.298Z,2,,,,,,,,,
2025-02-11T16:42:35.298Z,1,,,,,,,,,
2025-02-11T16:42:35.298Z,5,,,,,,,,,
2025-02-11T16:42:35.298Z,2,,,,,,,,,
2025-02-11T16:42:35.298Z,0,,,,,,,,,
2025-02-11T16:42:35.298Z,6,,,,,,,,,
2025-02-11T16:42:35.298Z,1,,,,,,,,,
2025-02-11T16:42:35.298Z,2,,,,,,,,,
2025-02-11T16:42:35.298Z,5,,,,,,,,,
2025-02-11T16:42:35.298Z,3,,,,,,,,,
2025-02-11T16:42:35.298Z,6,,,,,,,,,
2025-02-11T16:42:35.298Z,5,,,,,,,,,
2025-02-11T16:42:35.298Z,4,,,,,,,,,
2025-02-11T16:42:35.298Z,1,,,,,,,,,
2025-02-11T16:42:35.298Z,3,,,,,,,,,
2025-02-11T16:42:35.298Z,5,,,,,,,,,
2025-02-11T16:42:35.298Z,1,,,,,,,,,
2025-02-11T16:42:35.298Z,2,,,,,,,,,
2025-02-11T16:42:35.298Z,6,,,,,,,,,
2025-02-11T16:42:35.298Z,3,,,,,,,,,
2025-02-11T16:42:35.298Z,2,,,,,,,,,
2025-02-11T16:42:35.298Z,3,,,,,,,,,
2025-02-11T16:42:35.298Z,6,,,,,,,,,
2025-02-11T16:42:35.298Z,1,,,,,,,,,
2025-02-11T16:42:35.298Z,5,,,,,,,,,
2025-02-11T16:42:35.298Z,5,,,,,,,,,
2025-02-11T16:42:35.298Z,5,,,,,,,,,
2025-02-11T16:42:35.298Z,2,,,,,,,,,
2025-02-11T16:42:35.298Z,0,,,,,,,,,
2025-02-11T16:42:40.330Z,6,,,,,,,,,
2025-02-11T16:42:40.330Z,3,,,,,,,,,
2025-02-11T16:42:40.330Z,4,,,,,,,,,
2025-02-11T16:42:40.330Z,0,,,,,,,,,
2025-02-11T16:42:40.330Z,5,,,,,,,,,
2025-02-11T16:42:40.330Z,5,,,,,,,,,
2025-02-11T16:42:40.330Z,2,,,,,,,,,
2025-02-11T16:42:40.330Z,2,,,,,,,,,
2025-02-11T16:42:40.330Z,3,,,,,,,,,
2025-02-11T16:42:40.330Z,6,,,,,,,,,
2025-02-11T16:42:40.330Z,0,,,,,,,,,
2025-02-11T16:42:40.330Z,4,,,,,,,,,
2025-02-11T16:42:40.330Z,6,,,,,,,,,
2025-02-11T16:42:40.330Z,1,,,,,,,,,
2025-02-11T16:42:40.330Z,6,,,,,,,,,
2025-02-11T16:42:40.330Z,2,,,,,,,,,
2025-02-11T16:42:40.330Z,2,,,,,,,,,
2025-02-11T16:42:40.330Z,6,,,,,,,,,
2025-02-11T16:42:40.330Z,2,,,,,,,,,
2025-02-11T16:42:40.330Z,6,,,,,,,,,
2025-02-11T16:42:40.330Z,2,,,,,,,,,
2025-02-11T16:42:40.330Z,0,,,,,,,,,
2025-02-11T16:42:40.330Z,5,,,,,,,,,
2025-02-11T16:42:40.330Z,0,,,,,,,,,
2025-02-11T16:42:40.330Z,4,,,,,,,,,
2025-02-11T16:42:40.330Z,3,,,,,,,,,
2025-02-11T16:42:40.330Z,6,,,,,,,,,
2025-02-11T16:42:40.330Z,6,,,,,,,,,
2025-02-11T16:42:40.330Z,5,,,,,,,,,
2025-02-11T16:42:40.330Z,4,,,,,,,,,
2025-02-11T16:42:40.330Z,5,,,,,,,,,
2025-02-11T16:42:40.330Z,1,,,,,,,,,
2025-02-11T16:42:45.202Z,3,,,,,,,,,
2025-02-11T16:42:45.202Z,6,,,,,,,,,
2025-02-11T16:42:45.202Z,0,,,,,,,,,
2025-02-11T16:42:45.202Z,4,,,,,,,,,
2025-02-11T16:42:45.202Z,6,,,,,,,,,
2025-02-11T16:42:45.202Z,6,,,,,,,,,
2025-02-11T16:42:45.202Z,5,,,,,,,,,
2025-02-11T16:42:45.202Z,0,,,,,,,,,
2025-02-11T16:42:45.202Z,5,,,,,,,,,
2025-02-11T16:42:45.202Z,5,,,,,,,,,
2025-02-11T16:42:45.202Z,3,,,,,,,,,
2025-02-11T16:42:45.202Z,2,,,,,,,,,
2025-02-11T16:42:45.202Z,5,,,,,,,,,
2025-02-11T16:42:45.202Z,3,,,,,,,,,
2025-02-11T16:42:45.202Z,1,,,,,,,,,
2025-02-11T16:42:45.202Z,6,,,,,,,,,
2025-02-11T16:42:45.202Z,0,,,,,,,,,
2025-02-11T16:42:45.202Z,6,,,,,,,,,
2025-02-11T16:42:45.202Z,2,,,,,,,,,
2025-02-11T16:42:45.202Z,6,,,,,,,,,
2025-02-11T16:42:45.202Z,6,,,,,,,,,
2025-02-11T16:42:45.202Z,3,,,,,,,,,
2025-02-11T16:42:45.202Z,5,,,,,,,,,
2025-02-11T16:42:45.202Z,3,,,,,,,,,
2025-02-11T16:42:45.202Z,4,,,,,,,,,
2025-02-11T16:42:45.202Z,6,,,,,,,,,
2025-02-11T16:42:45.202Z,0,,,,,,,,,
2025-02-11T16:42:45.202Z,3,,,,,,,,,
2025-02-11T16:42:45.202Z,2,,,,,,,,,
2025-02-11T16:42:45.202Z,5,,,,,,,,,
2025-02-11T16:42:45.202Z,1,,,,,,,,,
2025-02-11T16:42:50.252Z,1,,,,,,,,,
2025-02-11T16:42:50.252Z,2,,,,,,,,,
2025-02-11T16:42:50.252Z,2,,,,,,,,,
2025-02-11T16:42:50.252Z,1,,,,,,,,,
2025-02-11T16:42:50.252Z,0,,,,,,,,,
2025-02-11T16:42:50.252Z,4,,,,,,,,,
2025-02-11T16:42:50.252Z,1,,,,,,,,,
2025-02-11T16:42:50.252Z,2,,,,,,,,,
2025-02-11T16:42:50.252Z,6,,,,,,,,,
2025-02-11T16:42:50.252Z,6,,,,,,,,,
2025-02-11T16:42:50.252Z,5,,,,,,,,,
2025-02-11T16:42:50.252Z,4,,,,,,,,,
2025-02-11T16:42:50.252Z,4,,,,,,,,,
2025-02-11T16:42:50.252Z,5,,,,,,,,,
2025-02-11T16:42:50.252Z,2,,,,,,,,,
2025-02-11T16:42:50.252Z,4,,,,,,,,,
2025-02-11T16:42:50.252Z,1,,,,,,,,,
2025-02-11T16:42:50.252Z,5,,,,,,,,,
2025-02-11T16:42:50.252Z,1,,,,,,,,,
2025-02-11T16:42:50.252Z,0,,,,,,,,,
2025-02-11T16:42:50.252Z,4,,,,,,,,,
2025-02-11T16:42:50.252Z,1,,,,,,,,,
2025-02-11T16:42:50.252Z,3,,,,,,,,,
2025-02-11T16:42:50.252Z,1,,,,,,,,,
2025-02-11T16:42:50.252Z,3,,,,,,,,,
2025-02-11T16:42:50.252Z,2,,,,,,,,,
2025-02-11T16:42:50.252Z,0,,,,,,,,,
2025-02-11T16:42:50.252Z,5,,,,,,,,,
2025-02-11T16:42:50.252Z,2,,,,,,,,,
2025-02-11T16:42:50.252Z,2,,,,,,,,,
2025-02-11T16:42:50.252Z,6,,,,,,,,,
2025-02-11T16:42:55.415Z,4,,,,,,,,,
2025-02-11T16:42:55.415Z,6,,,,,,,,,
2025-02-11T16:42:55.415Z,5,,,,,,,,,
2025-02-11T16:42:55.415Z,3,,,,,,,,,
2025-02-11T16:42:55.415Z,3,,,,,,,,,
2025-02-11T16:42:55.415Z,0,,,,,,,,,
2025-02-11T16:42:55.415Z,6,,,,,,,,,
2025-02-11T16:42:55.415Z,0,,,,,,,,,
2025-02-11T16:42:55.415Z,1,,,,,,,,,
2025-02-11T16:42:55.415Z,5,,,,,,,,,
2025-02-11T16:42:55.415Z,0,,,,,,,,,
2025-02-11T16:42:55.415Z,4,,,,,,,,,
2025-02-11T16:42:55.415Z,5,,,,,,,,,
2025-02-11T16:42:55.415Z,6,,,,,,,,,
2025-02-11T16:42:55.415Z,5,,,,,,,,,
2025-02-11T16:42:55.415Z,3,,,,,,,,,
2025-02-11T16:42:55.415Z,4,,,,,,,,,
2025-02-11T16:42:55.415Z,2,,,,,,,,,
2025-02-11T16:42:55.415Z,2,,,,,,,,,
2025-02-11T16:42:55.415Z,0,,,,,,,,,
2025-02-11T16:42:55.415Z,5,,,,,,,,,
2025-02-11T16:42:55.415Z,5,,,,,,,,,
2025-02-11T16:42:55.415Z,4,,,,,,,,,
2025-02-11T16:42:55.415Z,5,,,,,,,,,
2025-02-11T16:42:55.415Z,3,,,,,,,,,
2025-02-11T16:42:55.415Z,2,,,,,,,,,
2025-02-11T16:42:55.415Z,5,,,,,,,,,
2025-02-11T16:42:55.415Z,1,,,,,,,,,
2025-02-11T16:42:55.415Z,3,,,,,,,,,
2025-02-11T16:42:55.415Z,3,,,,,,,,,
2025-02-11T16:42:55.415Z,4,,,,,,,,,
2025-02-11T16:43:00.120Z,3,,,,,,,,,
2025-02-11T16:43:00.120Z,2,,,,,,,,,
2025-02-11T16:43:00.120Z,5,,,,,,,,,
2025-02-11T16:43:00.120Z,3,,,,,,,,,
2025-02-11T16:43:00.120Z,2,,,,,,,,,
2025-02-11T16:43:00.120Z,1,,,,,,,,,
2025-02-11T16:43:00.120Z,6,,,,,,,,,
2025-02-11T16:43:00.120Z,3,,,,,,,,,
2025-02-11T16:43:00.120Z,1,,,,,,,,,
2025-02-11T16:43:00.120Z,1,,,,,,,,,
2025-02-11T16:43:00.120Z,5,,,,,,,,,
2025-02-11T16:43:00.120Z,2,,,,,,,,,
2025-02-11T16:43:00.120Z,5,,,,,,,,,
2025-02-11T16:43:00.120Z,6,,,,,,,,,
2025-02-11T16:43:00.120Z,5,,,,,,,,,
2025-02-11T16:43:00.120Z,5,,,,,,,,,
2025-02-11T16:43:00.120Z,4,,,,,,,,,
2025-02-11T16:43:00.120Z,4,,,,,,,,,
2025-02-11T16:43:00.120Z,5,,,,,,,,,
2025-02-11T16:43:00.120Z,5,,,,,,,,,
2025-02-11T16:43:00.120Z,5,,,,,,,,,
2025-02-11T16:43:00.120Z,0,,,,,,,,,
2025-02-11T16:43:00.120Z,2,,,,,,,,,
2025-02-11T16:43:00.120Z,5,,,,,,,,,
2025-02-11T16:43:00.120Z,4,,,,,,,,,
